"UserID","Date","Time","SleepingTime","BabyID"
"100739","2015-07-23","13:00:00+02:00",6300,"HPT2_NR_27"
"100739","2015-07-23","19:35:00+02:00",12300,"HPT2_NR_27"
"100739","2015-07-23","22:35:00+02:00",20100,"HPT2_NR_27"
"100739","2015-07-24","04:20:00+02:00",9600,"HPT2_NR_27"
"100739","2015-07-24","09:30:00+02:00",6300,"HPT2_NR_27"
"100739","2015-07-24","15:30:00+02:00",3600,"HPT2_NR_27"
"100739","2015-07-24","19:30:00+02:00",5316,"HPT2_NR_27"
"100739","2015-07-24","22:55:00+02:00",25296,"HPT2_NR_27"
"100739","2015-07-25","04:00:00+02:00",5400,"HPT2_NR_27"
"100739","2015-07-25","19:30:00+02:00",10620,"HPT2_NR_27"
"100739","2015-07-25","23:30:00+02:00",10740,"HPT2_NR_27"
"100739","2015-07-27","09:00:00+02:00",5400,"HPT2_NR_27"
"100739","2015-07-27","12:00:00+02:00",6300,"HPT2_NR_27"
"100739","2015-07-27","19:30:00+02:00",4189,"HPT2_NR_27"
"100739","2015-07-29","19:30:00+02:00",10500,"HPT2_NR_27"
"100739","2015-07-29","22:46:00+02:00",15240,"HPT2_NR_27"
"100739","2015-07-30","03:32:00+02:00",13380,"HPT2_NR_27"
"100739","2015-07-31","03:45:00+02:00",13500,"HPT2_NR_27"
"100739","2015-07-31","09:15:00+02:00",770342,"HPT2_NR_27"
"100739","2015-07-31","13:15:00+02:00",6300,"HPT2_NR_27"
"100739","2015-07-31","19:30:00+02:00",10500,"HPT2_NR_27"
"100739","2015-07-31","23:00:00+02:00",17700,"HPT2_NR_27"
"100739","2015-08-01","04:30:00+02:00",12600,"HPT2_NR_27"
"100739","2015-08-01","09:30:00+02:00",7200,"HPT2_NR_27"
"100739","2015-08-01","13:35:00+02:00",7080,"HPT2_NR_27"
"100739","2015-08-01","20:00:00+02:00",10500,"HPT2_NR_27"
"100739","2015-08-01","23:30:00+02:00",22500,"HPT2_NR_27"
"100739","2015-08-02","06:28:00+02:00",10920,"HPT2_NR_27"
"100739","2015-08-02","15:30:00+02:00",7200,"HPT2_NR_27"
"100739","2015-08-02","19:45:00+02:00",11700,"HPT2_NR_27"
"100739","2015-08-02","23:35:00+02:00",16500,"HPT2_NR_27"
"100739","2015-08-03","04:46:00+02:00",10740,"HPT2_NR_27"
"100739","2015-08-03","09:30:00+02:00",5400,"HPT2_NR_27"
"100739","2015-08-03","13:30:00+02:00",5400,"HPT2_NR_27"
"100739","2015-08-03","19:30:00+02:00",11280,"HPT2_NR_27"
"100739","2015-08-03","22:45:00+02:00",18900,"HPT2_NR_27"
"100739","2015-08-04","04:50:00+02:00",10500,"HPT2_NR_27"
"100739","2015-08-04","09:45:00+02:00",6900,"HPT2_NR_27"
"100739","2015-08-04","13:15:00+02:00",6300,"HPT2_NR_27"
"100739","2015-08-04","19:30:00+02:00",11400,"HPT2_NR_27"
"100739","2015-08-04","23:15:00+02:00",15900,"HPT2_NR_27"
"100739","2015-08-05","04:15:00+02:00",11700,"HPT2_NR_27"
"100739","2015-08-05","09:45:00+02:00",4500,"HPT2_NR_27"
"100739","2015-08-05","13:15:00+02:00",5400,"HPT2_NR_27"
"100739","2015-08-05","19:45:00+02:00",10500,"HPT2_NR_27"
"100739","2015-08-05","23:15:00+02:00",19800,"HPT2_NR_27"
"100739","2015-08-08","23:30:00+02:00",20340,"HPT2_NR_27"
"100739","2015-08-09","06:30:00+02:00",2400,"HPT2_NR_27"
"100739","2015-08-11","23:15:00+02:00",20700,"HPT2_NR_27"
"100739","2015-08-12","05:30:00+02:00",9000,"HPT2_NR_27"
"100739","2015-08-12","09:30:00+02:00",7200,"HPT2_NR_27"
"100739","2015-08-12","14:00:00+02:00",7200,"HPT2_NR_27"
"100739","2015-08-12","20:00:00+02:00",10800,"HPT2_NR_27"
"100739","2015-08-12","23:30:00+02:00",18000,"HPT2_NR_27"
"100739","2015-08-13","05:00:00+02:00",10800,"HPT2_NR_27"
"1469675","2015-07-21","21:00:00+02:00",36000,"HPT2_NR_30"
"1469675","2015-07-22","08:15:00+02:00",7200,"HPT2_NR_30"
"1469675","2015-07-22","11:00:00+02:00",3600,"HPT2_NR_30"
"1469675","2015-07-22","14:00:00+02:00",7200,"HPT2_NR_30"
"1469675","2015-07-22","17:00:00+02:00",1800,"HPT2_NR_30"
"1469675","2015-07-22","19:30:00+02:00",900,"HPT2_NR_30"
"1469675","2015-07-22","21:45:00+02:00",33300,"HPT2_NR_30"
"1469675","2015-07-23","08:00:00+02:00",5400,"HPT2_NR_30"
"1469675","2015-07-23","11:00:00+02:00",8100,"HPT2_NR_30"
"1469675","2015-07-23","14:15:00+02:00",9000,"HPT2_NR_30"
"1469675","2015-07-23","18:15:00+02:00",2700,"HPT2_NR_30"
"1469675","2015-07-23","21:15:00+02:00",34200,"HPT2_NR_30"
"1469675","2015-07-24","07:45:00+02:00",7200,"HPT2_NR_30"
"1469675","2015-07-24","11:00:00+02:00",9900,"HPT2_NR_30"
"1469675","2015-07-24","15:15:00+02:00",9000,"HPT2_NR_30"
"1469675","2015-07-24","20:00:00+02:00",9000,"HPT2_NR_30"
"1469675","2015-07-24","23:45:00+02:00",27000,"HPT2_NR_30"
"1469675","2015-07-26","20:45:00+02:00",40500,"HPT2_NR_30"
"1469675","2015-07-27","09:45:00+02:00",2520,"HPT2_NR_30"
"1469675","2015-07-27","19:45:00+02:00",2700,"HPT2_NR_30"
"1469675","2015-07-27","22:30:00+02:00",36000,"HPT2_NR_30"
"1469675","2015-07-28","10:30:00+02:00",3600,"HPT2_NR_30"
"1469675","2015-07-28","12:30:00+02:00",8100,"HPT2_NR_30"
"1469675","2015-07-28","16:30:00+02:00",5400,"HPT2_NR_30"
"1469675","2015-07-28","19:15:00+02:00",2700,"HPT2_NR_30"
"1469675","2015-07-28","21:00:00+02:00",39600,"HPT2_NR_30"
"1469675","2015-07-29","09:00:00+02:00",2700,"HPT2_NR_30"
"1469675","2015-07-29","11:15:00+02:00",1800,"HPT2_NR_30"
"1469675","2015-07-29","13:00:00+02:00",6300,"HPT2_NR_30"
"1469675","2015-07-29","15:15:00+02:00",5400,"HPT2_NR_30"
"1469675","2015-07-29","18:00:00+02:00",1800,"HPT2_NR_30"
"1469675","2015-07-29","20:00:00+02:00",1800,"HPT2_NR_30"
"1469675","2015-07-29","21:30:00+02:00",34200,"HPT2_NR_30"
"1469675","2015-07-30","09:00:00+02:00",3600,"HPT2_NR_30"
"1469675","2015-07-30","12:00:00+02:00",4500,"HPT2_NR_30"
"1469675","2015-07-30","14:30:00+02:00",1800,"HPT2_NR_30"
"1469675","2015-07-30","16:45:00+02:00",900,"HPT2_NR_30"
"1469675","2015-07-30","17:30:00+02:00",4500,"HPT2_NR_30"
"1469675","2015-07-30","21:00:00+02:00",42300,"HPT2_NR_30"
"1469675","2015-07-31","10:00:00+02:00",4500,"HPT2_NR_30"
"1469675","2015-07-31","12:45:00+02:00",9000,"HPT2_NR_30"
"1469675","2015-07-31","18:30:00+02:00",4500,"HPT2_NR_30"
"1469675","2015-07-31","21:30:00+02:00",2700,"HPT2_NR_30"
"1469675","2015-07-31","23:00:00+02:00",32400,"HPT2_NR_30"
"1469675","2015-08-01","21:30:00+02:00",34200,"HPT2_NR_30"
"1469675","2015-08-02","20:30:00+02:00",37800,"HPT2_NR_30"
"1469675","2015-08-03","08:30:00+02:00",5400,"HPT2_NR_30"
"1469675","2015-08-03","11:30:00+02:00",5400,"HPT2_NR_30"
"1469675","2015-08-03","14:00:00+02:00",5400,"HPT2_NR_30"
"1469675","2015-08-03","16:30:00+02:00",1800,"HPT2_NR_30"
"1469675","2015-08-03","20:30:00+02:00",39600,"HPT2_NR_30"
"1469675","2015-08-04","09:30:00+02:00",3600,"HPT2_NR_30"
"1469675","2015-08-04","11:30:00+02:00",2700,"HPT2_NR_30"
"1469675","2015-08-04","14:15:00+02:00",1800,"HPT2_NR_30"
"1469675","2015-08-04","16:45:00+02:00",6300,"HPT2_NR_30"
"1469675","2015-08-04","20:30:00+02:00",4500,"HPT2_NR_30"
"1469675","2015-08-04","22:45:00+02:00",31500,"HPT2_NR_30"
"1469675","2015-08-05","08:30:00+02:00",2700,"HPT2_NR_30"
"1469675","2015-08-05","10:45:00+02:00",7200,"HPT2_NR_30"
"1469675","2015-08-05","14:15:00+02:00",5400,"HPT2_NR_30"
"1469675","2015-08-05","17:30:00+02:00",1800,"HPT2_NR_30"
"1469675","2015-08-05","20:15:00+02:00",1800,"HPT2_NR_30"
"1469675","2015-08-05","22:15:00+02:00",30600,"HPT2_NR_30"
"1469675","2015-08-06","07:30:00+02:00",6300,"HPT2_NR_30"
"1469675","2015-08-06","10:30:00+02:00",5400,"HPT2_NR_30"
"1469675","2015-08-06","13:15:00+02:00",4500,"HPT2_NR_30"
"1469675","2015-08-06","16:15:00+02:00",4500,"HPT2_NR_30"
"1469675","2015-08-06","19:30:00+02:00",2700,"HPT2_NR_30"
"1469675","2015-08-06","21:15:00+02:00",35100,"HPT2_NR_30"
"1469675","2015-08-07","08:30:00+02:00",1800,"HPT2_NR_30"
"1469675","2015-08-07","10:15:00+02:00",2700,"HPT2_NR_30"
"1469675","2015-08-07","12:30:00+02:00",5400,"HPT2_NR_30"
"1469675","2015-08-07","15:30:00+02:00",1800,"HPT2_NR_30"
"1469675","2015-08-07","20:00:00+02:00",1800,"HPT2_NR_30"
"1469675","2015-08-07","22:00:00+02:00",32400,"HPT2_NR_30"
"1469675","2015-08-08","09:00:00+02:00",1800,"HPT2_NR_30"
"1469675","2015-08-08","11:30:00+02:00",6300,"HPT2_NR_30"
"1469675","2015-08-08","14:15:00+02:00",1800,"HPT2_NR_30"
"1469675","2015-08-08","17:45:00+02:00",5400,"HPT2_NR_30"
"1469675","2015-08-08","20:30:00+02:00",42300,"HPT2_NR_30"
"1469675","2015-08-09","10:15:00+02:00",3600,"HPT2_NR_30"
"1469675","2015-08-09","12:30:00+02:00",7200,"HPT2_NR_30"
"1469675","2015-08-09","16:30:00+02:00",1800,"HPT2_NR_30"
"1469675","2015-08-09","19:00:00+02:00",1800,"HPT2_NR_30"
"1469675","2015-08-09","21:00:00+02:00",43200,"HPT2_NR_30"
"1469675","2015-08-10","14:30:00+02:00",7200,"HPT2_NR_30"
"1469675","2015-08-10","18:45:00+02:00",3600,"HPT2_NR_30"
"1469675","2015-08-10","20:30:00+02:00",41400,"HPT2_NR_30"
"1469675","2015-08-11","09:15:00+02:00",5400,"HPT2_NR_30"
"1469675","2015-08-11","12:15:00+02:00",8100,"HPT2_NR_30"
"1469675","2015-08-11","15:45:00+02:00",9000,"HPT2_NR_30"
"1469675","2015-08-11","20:30:00+02:00",30600,"HPT2_NR_30"
"1469675","2015-08-12","05:30:00+02:00",10800,"HPT2_NR_30"
"1469675","2015-08-12","11:00:00+02:00",10800,"HPT2_NR_30"
"1469675","2015-08-12","15:30:00+02:00",4500,"HPT2_NR_30"
"1469675","2015-08-12","18:00:00+02:00",1800,"HPT2_NR_30"
"1469675","2015-08-12","21:30:00+02:00",37800,"HPT2_NR_30"
"1469675","2015-08-13","09:45:00+02:00",4500,"HPT2_NR_30"
"1469675","2015-08-13","12:15:00+02:00",2700,"HPT2_NR_30"
"1469675","2015-08-13","13:30:00+02:00",1800,"HPT2_NR_30"
"1469675","2015-08-13","16:00:00+02:00",900,"HPT2_NR_30"
"1469675","2015-08-13","17:30:00+02:00",9000,"HPT2_NR_30"
"1469675","2015-08-13","22:15:00+02:00",31500,"HPT2_NR_30"
"1469675","2015-08-14","09:00:00+02:00",2700,"HPT2_NR_30"
"1469675","2015-08-14","11:15:00+02:00",2700,"HPT2_NR_30"
"1469675","2015-08-14","12:45:00+02:00",7200,"HPT2_NR_30"
"1469675","2015-08-14","17:00:00+02:00",3600,"HPT2_NR_30"
"1469675","2015-08-14","20:00:00+02:00",1800,"HPT2_NR_30"
"1469675","2015-08-14","21:30:00+02:00",34200,"HPT2_NR_30"
"1469675","2015-08-15","09:30:00+02:00",1800,"HPT2_NR_30"
"1469675","2015-08-15","11:15:00+02:00",1800,"HPT2_NR_30"
"1469675","2015-08-15","12:15:00+02:00",9000,"HPT2_NR_30"
"1469675","2015-08-15","17:00:00+02:00",5400,"HPT2_NR_30"
"1469675","2015-08-15","20:30:00+02:00",41400,"HPT2_NR_30"
"1469675","2015-08-16","10:00:00+02:00",1800,"HPT2_NR_30"
"1469675","2015-08-16","12:15:00+02:00",6300,"HPT2_NR_30"
"1469675","2015-08-16","16:00:00+02:00",1800,"HPT2_NR_30"
"1469675","2015-08-16","17:15:00+02:00",900,"HPT2_NR_30"
"1469675","2015-08-16","19:00:00+02:00",1800,"HPT2_NR_30"
"1469675","2015-08-16","20:30:00+02:00",37800,"HPT2_NR_30"
"1469675","2015-08-17","08:45:00+02:00",6300,"HPT2_NR_30"
"1469675","2015-08-17","12:00:00+02:00",4500,"HPT2_NR_30"
"1469675","2015-08-17","14:15:00+02:00",2700,"HPT2_NR_30"
"1469675","2015-08-17","16:45:00+02:00",2700,"HPT2_NR_30"
"1469675","2015-08-17","21:30:00+02:00",34200,"HPT2_NR_30"
"1469675","2015-08-18","08:30:00+02:00",3600,"HPT2_NR_30"
"1469675","2015-08-18","11:00:00+02:00",7200,"HPT2_NR_30"
"1469675","2015-08-18","15:00:00+02:00",4500,"HPT2_NR_30"
"1469675","2015-08-18","18:00:00+02:00",4500,"HPT2_NR_30"
"1469675","2015-08-18","22:00:00+02:00",23400,"HPT2_NR_30"
"1469675","2015-08-19","05:00:00+02:00",9900,"HPT2_NR_30"
"1469675","2015-08-19","10:30:00+02:00",1800,"HPT2_NR_30"
"1469675","2015-08-19","13:00:00+02:00",1800,"HPT2_NR_30"
"1469675","2015-08-19","15:00:00+02:00",8100,"HPT2_NR_30"
"1469675","2015-08-19","19:15:00+02:00",900,"HPT2_NR_30"
"1469675","2015-08-19","21:30:00+02:00",34200,"HPT2_NR_30"
"1469675","2015-08-20","08:15:00+02:00",2700,"HPT2_NR_30"
"1469675","2015-08-20","10:30:00+02:00",1800,"HPT2_NR_30"
"1469675","2015-08-20","12:30:00+02:00",5400,"HPT2_NR_30"
"1469675","2015-08-20","15:15:00+02:00",1800,"HPT2_NR_30"
"1469675","2015-08-20","16:30:00+02:00",1800,"HPT2_NR_30"
"1469675","2015-08-20","18:00:00+02:00",1800,"HPT2_NR_30"
"1469675","2015-08-20","20:15:00+02:00",38700,"HPT2_NR_30"
"1469675","2015-08-21","08:15:00+02:00",5400,"HPT2_NR_30"
"1469675","2015-08-21","11:00:00+02:00",221,"HPT2_NR_30"
"149286","2015-07-23","00:00:00+02:00",6900,"HPT2_NR_29"
"149286","2015-07-23","02:50:00+02:00",12720,"HPT2_NR_29"
"149286","2015-07-23","07:00:00+02:00",11700,"HPT2_NR_29"
"149286","2015-07-23","12:15:00+02:00",10800,"HPT2_NR_29"
"149286","2015-07-23","20:00:00+02:00",10800,"HPT2_NR_29"
"149286","2015-07-23","23:45:00+02:00",15300,"HPT2_NR_29"
"149286","2015-07-24","05:00:00+02:00",11220,"HPT2_NR_29"
"149286","2015-07-24","09:00:00+02:00",10800,"HPT2_NR_29"
"149286","2015-07-25","03:10:00+02:00",10680,"HPT2_NR_29"
"149286","2015-07-25","07:45:00+02:00",9900,"HPT2_NR_29"
"149286","2015-07-25","13:40:00+02:00",9300,"HPT2_NR_29"
"149286","2015-07-30","00:10:00+02:00",18900,"HPT2_NR_29"
"149286","2015-08-07","21:45:00+02:00",27900,"HPT2_NR_29"
"149286","2015-08-12","01:30:00+02:00",15600,"HPT2_NR_29"
"149286","2015-08-12","06:30:00+02:00",12300,"HPT2_NR_29"
"149286","2015-08-12","11:45:00+02:00",8400,"HPT2_NR_29"
"149286","2015-08-12","14:45:00+02:00",7500,"HPT2_NR_29"
"149286","2015-08-12","20:10:00+02:00",11100,"HPT2_NR_29"
"149286","2015-08-13","00:10:00+02:00",13800,"HPT2_NR_29"
"149286","2015-08-13","04:30:00+02:00",9000,"HPT2_NR_29"
"149286","2015-08-13","07:10:00+02:00",12900,"HPT2_NR_29"
"149286","2015-08-14","00:10:00+02:00",22800,"HPT2_NR_29"
"2015_08_04_16_51_13_279_Netscape__320x568","2015-08-05","13:00:00+02:00",17880,"HPT2_NR_25"
"2015_08_04_16_51_13_279_Netscape__320x568","2015-08-05","21:27:07+02:00",9720.54632497,"HPT2_NR_25"
"2015_08_04_16_51_13_279_Netscape__320x568","2015-08-06","00:18:57+02:00",16981.606036,"HPT2_NR_25"
"2015_08_04_16_51_13_279_Netscape__320x568","2015-08-06","05:15:31+02:00",5583.95850098,"HPT2_NR_25"
"2015_08_04_16_51_13_279_Netscape__320x568","2015-08-06","07:04:38+02:00",4331.62401903,"HPT2_NR_25"
"2015_08_04_16_51_13_279_Netscape__320x568","2015-08-06","08:45:00+02:00",7252,"HPT2_NR_25"
"2015_08_04_16_51_13_279_Netscape__320x568","2015-08-06","22:31:28+02:00",20571.957136,"HPT2_NR_25"
"2015_08_04_16_51_13_279_Netscape__320x568","2015-08-07","06:05:48+02:00",13038.239843,"HPT2_NR_25"
"2015_08_04_16_51_13_279_Netscape__320x568","2015-08-07","15:35:12+02:00",1380.43329,"HPT2_NR_25"
"2015_08_04_16_51_13_279_Netscape__320x568","2015-08-07","18:33:27+02:00",2294.39853996,"HPT2_NR_25"
"2015_08_04_16_51_13_279_Netscape__320x568","2015-08-07","21:17:59+02:00",31078.415581,"HPT2_NR_25"
"2015_08_04_16_51_13_279_Netscape__320x568","2015-08-08","07:09:53+02:00",9779.68871301,"HPT2_NR_25"
"2015_08_04_16_51_13_279_Netscape__320x568","2015-08-08","10:24:00+02:00",1590,"HPT2_NR_25"
"2015_08_04_16_51_13_279_Netscape__320x568","2015-08-08","22:36:35+02:00",21582.022212,"HPT2_NR_25"
"2015_08_04_16_51_13_279_Netscape__320x568","2015-08-09","04:49:09+02:00",7740,"HPT2_NR_25"
"2015_08_04_16_51_13_279_Netscape__320x568","2015-08-09","07:27:32+02:00",4288.23172897,"HPT2_NR_25"
"2015_08_04_16_51_13_279_Netscape__320x568","2015-08-09","10:46:53+02:00",1843.20260298,"HPT2_NR_25"
"2015_08_04_16_51_13_279_Netscape__320x568","2015-08-09","12:46:31+02:00",3095.519346,"HPT2_NR_25"
"2015_08_04_16_51_13_279_Netscape__320x568","2015-08-09","18:54:30+02:00",1560,"HPT2_NR_25"
"2015_08_04_16_51_13_279_Netscape__320x568","2015-08-09","21:20:19+02:00",25433.357903,"HPT2_NR_25"
"2015_08_04_16_51_13_279_Netscape__320x568","2015-08-10","04:37:59+02:00",9609.57692403,"HPT2_NR_25"
"2015_08_04_16_51_13_279_Netscape__320x568","2015-08-10","07:53:02+02:00",6791.33528,"HPT2_NR_25"
"2015_08_04_16_51_13_279_Netscape__320x568","2015-08-10","11:33:09+02:00",1717.22731102,"HPT2_NR_25"
"2015_08_04_16_51_13_279_Netscape__320x568","2015-08-10","14:19:47+02:00",1561.74541801,"HPT2_NR_25"
"2015_08_04_16_51_13_279_Netscape__320x568","2015-08-10","16:10:05+02:00",524.724777997,"HPT2_NR_25"
"2015_08_04_16_51_13_279_Netscape__320x568","2015-08-10","16:55:00+02:00",1920,"HPT2_NR_25"
"2015_08_04_16_51_13_279_Netscape__320x568","2015-08-10","20:07:45+02:00",2362.37783998,"HPT2_NR_25"
"2015_08_04_16_51_13_279_Netscape__320x568","2015-08-10","22:11:44+02:00",31752.1842149,"HPT2_NR_25"
"2015_08_04_16_51_13_279_Netscape__320x568","2015-08-11","08:48:06+02:00",2748.80969203,"HPT2_NR_25"
"2015_08_04_16_51_13_279_Netscape__320x568","2015-08-11","21:04:58+02:00",29815.596796,"HPT2_NR_25"
"2015_08_04_16_51_13_279_Netscape__320x568","2015-08-12","05:34:26+02:00",10209.524485,"HPT2_NR_25"
"2015_08_04_16_51_13_279_Netscape__320x568","2015-08-12","08:38:27+02:00",2294.55583203,"HPT2_NR_25"
"2015_08_04_16_51_13_279_Netscape__320x568","2015-08-12","10:03:03+02:00",826.488609016,"HPT2_NR_25"
"2015_08_04_16_51_13_279_Netscape__320x568","2015-08-12","11:59:14+02:00",1055.53841799,"HPT2_NR_25"
"2015_08_04_16_51_13_279_Netscape__320x568","2015-08-12","13:34:27+02:00",1825.27390701,"HPT2_NR_25"
"2015_08_04_16_51_13_279_Netscape__320x568","2015-08-12","14:23:52+02:00",7649.528804,"HPT2_NR_25"
"2015_08_04_16_51_13_279_Netscape__320x568","2015-08-12","17:10:59+02:00",1801.50871003,"HPT2_NR_25"
"2015_08_04_16_51_13_279_Netscape__320x568","2015-08-12","21:59:39+02:00",32219.692585,"HPT2_NR_25"
"2015_08_04_16_51_13_279_Netscape__320x568","2015-08-13","11:10:46+02:00",3160.62604505,"HPT2_NR_25"
"2015_08_04_16_51_13_279_Netscape__320x568","2015-08-13","14:34:05+02:00",1237.15486503,"HPT2_NR_25"
"2015_08_04_16_51_13_279_Netscape__320x568","2015-08-13","23:15:11+02:00",25156.15957,"HPT2_NR_25"
"2015_08_04_16_51_13_279_Netscape__320x568","2015-08-14","06:25:46+02:00",6137.07055604,"HPT2_NR_25"
"2015_08_04_16_51_13_279_Netscape__320x568","2015-08-14","08:26:21+02:00",225.836970031,"HPT2_NR_25"
"2015_08_04_16_51_13_279_Netscape__320x568","2015-08-14","19:00:44+02:00",1731.43392998,"HPT2_NR_25"
"2015_08_04_16_51_13_279_Netscape__320x568","2015-08-14","20:18:34+02:00",31800,"HPT2_NR_25"
"2015_08_04_16_51_13_279_Netscape__320x568","2015-08-15","05:46:11+02:00",9148.46429002,"HPT2_NR_25"
"2015_08_04_16_51_13_279_Netscape__320x568","2015-08-15","12:00:25+02:00",2528.010737,"HPT2_NR_25"
"2015_08_04_16_51_13_279_Netscape__320x568","2015-08-15","14:52:31+02:00",2209.43619198,"HPT2_NR_25"
"2015_08_04_16_51_13_279_Netscape__320x568","2015-08-15","17:31:53+02:00",1107.499093,"HPT2_NR_25"
"2015_08_04_16_51_13_279_Netscape__320x568","2015-08-16","00:18:02+02:00",17657.272896,"HPT2_NR_25"
"2015_08_04_16_51_13_279_Netscape__320x568","2015-08-16","05:27:37+02:00",9504.3441,"HPT2_NR_25"
"2015_08_04_16_51_13_279_Netscape__320x568","2015-08-16","09:36:47+02:00",3147.73045403,"HPT2_NR_25"
"2015_08_04_16_51_13_279_Netscape__320x568","2015-08-16","12:06:18+02:00",3009.75738597,"HPT2_NR_25"
"2015_08_04_16_51_13_279_Netscape__320x568","2015-08-16","14:39:17+02:00",1331.16222799,"HPT2_NR_25"
"2015_08_04_16_51_13_279_Netscape__320x568","2015-08-16","21:14:07+02:00",25484.733156,"HPT2_NR_25"
"2015_08_04_16_51_13_279_Netscape__320x568","2015-08-17","04:37:13+02:00",11199.663039,"HPT2_NR_25"
"2015_08_04_16_51_13_279_Netscape__320x568","2015-08-17","09:34:02+02:00",2059.32026005,"HPT2_NR_25"
"2015_08_04_16_51_13_279_Netscape__320x568","2015-08-17","11:55:00+02:00",2157,"HPT2_NR_25"
"2015_08_04_16_51_13_279_Netscape__320x568","2015-08-17","17:43:42+02:00",11760,"HPT2_NR_25"
"2015_08_04_16_51_13_279_Netscape__320x568","2015-08-17","21:15:58+02:00",12879.175226,"HPT2_NR_25"
"2015_08_04_16_51_13_279_Netscape__320x568","2015-08-18","01:50:12+02:00",15005.636872,"HPT2_NR_25"
"2015_08_04_16_51_13_279_Netscape__320x568","2015-08-18","10:47:43+02:00",4623.58943599,"HPT2_NR_25"
"2015_08_04_16_51_13_279_Netscape__320x568","2015-08-18","16:03:37+02:00",3600,"HPT2_NR_25"
"2015_08_04_16_51_13_279_Netscape__320x568","2015-08-18","22:00:00+02:00",28800,"HPT2_NR_25"
"2015_08_04_16_51_13_279_Netscape__320x568","2015-08-19","06:15:00+02:00",9120,"HPT2_NR_25"
"2015_08_04_16_51_13_279_Netscape__320x568","2015-08-19","09:15:00+02:00",3300,"HPT2_NR_25"
"2015_08_04_16_51_13_279_Netscape__320x568","2015-08-19","11:43:07+02:00",1838.12314397,"HPT2_NR_25"
"2015_08_04_16_51_13_279_Netscape__320x568","2015-08-19","13:13:53+02:00",2184.59971499,"HPT2_NR_25"
"2015_08_04_16_51_13_279_Netscape__320x568","2015-08-19","14:33:17+02:00",5467.86487997,"HPT2_NR_25"
"2015_08_04_16_51_13_279_Netscape__320x568","2015-08-19","16:38:29+02:00",743.825293958,"HPT2_NR_25"
"2015_08_04_16_51_13_279_Netscape__320x568","2015-08-19","22:23:09+02:00",23274.280928,"HPT2_NR_25"
"2015_08_04_16_51_13_279_Netscape__320x568","2015-08-20","05:10:00+02:00",10167,"HPT2_NR_25"
"2015_08_04_16_51_13_279_Netscape__320x568","2015-08-20","12:32:22+02:00",2772.69604099,"HPT2_NR_25"
"2015_08_04_16_51_13_279_Netscape__320x568","2015-08-20","20:22:18+02:00",1742.44891101,"HPT2_NR_25"
"2015_08_04_16_51_13_279_Netscape__320x568","2015-08-20","23:32:52+02:00",24214.922003,"HPT2_NR_25"
"2015_08_04_16_51_13_279_Netscape__320x568","2015-08-21","06:29:52+02:00",10937.770169,"HPT2_NR_25"
"2015_08_04_16_51_13_279_Netscape__320x568","2015-08-21","11:43:50+02:00",928.287438989,"HPT2_NR_25"
"2015_08_04_16_51_13_279_Netscape__320x568","2015-08-21","22:08:50+02:00",29716.661187,"HPT2_NR_25"
"2015_08_04_16_51_13_279_Netscape__320x568","2015-08-22","21:53:09+02:00",1459.54732901,"HPT2_NR_25"
"2015_08_04_16_51_13_279_Netscape__320x568","2015-08-22","22:26:47+02:00",30756.892966,"HPT2_NR_25"
"2015_08_04_16_51_13_279_Netscape__320x568","2015-08-23","10:51:15+02:00",1981.19224799,"HPT2_NR_25"
"2015_08_04_16_51_13_279_Netscape__320x568","2015-08-23","11:51:13+02:00",8625.04270595,"HPT2_NR_25"
"2015_08_04_16_51_13_279_Netscape__320x568","2015-08-23","15:19:44+02:00",2155.03447801,"HPT2_NR_25"
"2015_08_04_16_51_13_279_Netscape__320x568","2015-08-23","17:58:26+02:00",907.162639022,"HPT2_NR_25"
"2015_08_04_16_51_13_279_Netscape__320x568","2015-08-23","21:19:20+02:00",33912.899083,"HPT2_NR_25"
"2015_08_04_16_51_13_279_Netscape__320x568","2015-08-24","12:15:28+02:00",2547.28543299,"HPT2_NR_25"
"2015_08_04_16_51_13_279_Netscape__320x568","2015-08-24","15:48:14+02:00",1320,"HPT2_NR_25"
"2015_08_04_16_51_13_279_Netscape__320x568","2015-08-24","22:10:42+02:00",33016.049751,"HPT2_NR_25"
"2015_08_04_16_51_13_279_Netscape__320x568","2015-08-25","07:30:00+02:00",5486,"HPT2_NR_25"
"2015_08_04_16_51_13_279_Netscape__320x568","2015-08-25","10:05:06+02:00",1605.07899898,"HPT2_NR_25"
"2015_08_04_16_51_13_279_Netscape__320x568","2015-08-25","16:30:00+02:00",900,"HPT2_NR_25"
"2015_08_04_16_51_13_279_Netscape__320x568","2015-08-25","17:31:50+02:00",8280,"HPT2_NR_25"
"2015_08_04_16_51_13_279_Netscape__320x568","2015-08-25","21:26:24+02:00",28892.737176,"HPT2_NR_25"
"2015_08_04_16_51_13_279_Netscape__320x568","2015-08-26","05:36:00+02:00",8340,"HPT2_NR_25"
"2015_08_04_16_51_13_279_Netscape__320x568","2015-08-26","08:05:00+02:00",4320,"HPT2_NR_25"
"2015_08_04_16_53_10_174_Netscape__320x568","2015-08-11","20:55:00+02:00",36900,"HPT2_NR_17"
"2015_08_04_16_53_10_174_Netscape__320x568","2015-08-12","08:10:00+02:00",4620,"HPT2_NR_17"
"2015_08_04_16_53_10_174_Netscape__320x568","2015-08-12","10:45:00+02:00",1800,"HPT2_NR_17"
"2015_08_04_16_53_10_174_Netscape__320x568","2015-08-12","13:20:00+02:00",1800,"HPT2_NR_17"
"2015_08_04_16_53_10_174_Netscape__320x568","2015-08-12","14:13:00+02:00",300,"HPT2_NR_17"
"2015_08_04_16_53_10_174_Netscape__320x568","2015-08-12","14:44:11+02:00",1715.548926,"HPT2_NR_17"
"2015_08_04_16_53_10_174_Netscape__320x568","2015-08-12","17:45:00+02:00",1500,"HPT2_NR_17"
"2015_08_04_16_53_10_174_Netscape__320x568","2015-08-12","20:03:00+02:00",1800,"HPT2_NR_17"
"2015_08_04_16_53_10_174_Netscape__320x568","2015-08-12","21:55:00+02:00",30900,"HPT2_NR_17"
"2015_08_04_16_53_10_174_Netscape__320x568","2015-08-13","07:25:00+02:00",5400,"HPT2_NR_17"
"2015_08_04_16_53_10_174_Netscape__320x568","2015-08-13","09:40:00+02:00",2100,"HPT2_NR_17"
"2015_08_04_16_53_10_174_Netscape__320x568","2015-08-13","12:10:00+02:00",2100,"HPT2_NR_17"
"2015_08_04_16_53_10_174_Netscape__320x568","2015-08-13","14:10:00+02:00",1200,"HPT2_NR_17"
"2015_08_04_16_53_10_174_Netscape__320x568","2015-08-13","14:54:00+02:00",5760,"HPT2_NR_17"
"2015_08_04_16_53_10_174_Netscape__320x568","2015-08-13","18:15:00+02:00",2340,"HPT2_NR_17"
"2015_08_04_16_53_10_174_Netscape__320x568","2015-08-13","20:50:00+02:00",27000,"HPT2_NR_17"
"2015_08_04_16_53_10_174_Netscape__320x568","2015-08-14","05:04:00+02:00",9600,"HPT2_NR_17"
"2015_08_04_16_53_10_174_Netscape__320x568","2015-08-14","09:00:00+02:00",5760,"HPT2_NR_17"
"2015_08_04_16_53_10_174_Netscape__320x568","2015-08-14","12:15:00+02:00",7080,"HPT2_NR_17"
"2015_08_04_16_53_10_174_Netscape__320x568","2015-08-14","15:40:00+02:00",2400,"HPT2_NR_17"
"2015_08_04_16_53_10_174_Netscape__320x568","2015-08-14","18:50:00+02:00",1800,"HPT2_NR_17"
"2015_08_04_16_53_10_174_Netscape__320x568","2015-08-14","22:00:00+02:00",26400,"HPT2_NR_17"
"2015_08_04_16_53_10_174_Netscape__320x568","2015-08-15","06:20:00+02:00",6900,"HPT2_NR_17"
"2015_08_04_16_53_10_174_Netscape__320x568","2015-08-15","10:00:00+02:00",3600,"HPT2_NR_17"
"2015_08_04_16_53_10_174_Netscape__320x568","2015-08-15","16:15:00+02:00",2700,"HPT2_NR_17"
"2015_08_04_16_56_03_54_Netscape__320x568","2015-08-05","20:31:47+02:00",5153.97904295,"HPT2_NR_16"
"2015_08_04_16_56_03_54_Netscape__320x568","2015-08-05","23:33:46+02:00",33365.111964,"HPT2_NR_16"
"2015_08_04_16_56_03_54_Netscape__320x568","2015-08-06","10:20:00+02:00",2100,"HPT2_NR_16"
"2015_08_04_16_56_03_54_Netscape__320x568","2015-08-06","11:30:00+02:00",1200,"HPT2_NR_16"
"2015_08_04_16_56_03_54_Netscape__320x568","2015-08-06","12:15:00+02:00",4800,"HPT2_NR_16"
"2015_08_04_16_56_03_54_Netscape__320x568","2015-08-06","17:45:00+02:00",2100,"HPT2_NR_16"
"2015_08_04_16_56_03_54_Netscape__320x568","2015-08-06","19:20:00+02:00",1500,"HPT2_NR_16"
"2015_08_04_16_56_03_54_Netscape__320x568","2015-08-06","19:45:00+02:00",1520,"HPT2_NR_16"
"2015_08_04_16_56_03_54_Netscape__320x568","2015-08-06","22:30:00+02:00",4200,"HPT2_NR_16"
"2015_08_04_16_56_03_54_Netscape__320x568","2015-08-07","00:22:03+02:00",32249.394011,"HPT2_NR_16"
"2015_08_04_16_56_03_54_Netscape__320x568","2015-08-07","11:30:00+02:00",1200,"HPT2_NR_16"
"2015_08_04_16_56_03_54_Netscape__320x568","2015-08-07","12:15:38+02:00",2700,"HPT2_NR_16"
"2015_08_04_16_56_03_54_Netscape__320x568","2015-08-07","15:01:06+02:00",3601.84969902,"HPT2_NR_16"
"2015_08_04_16_56_03_54_Netscape__320x568","2015-08-07","18:12:21+02:00",2424.94290799,"HPT2_NR_16"
"2015_08_04_16_56_03_54_Netscape__320x568","2015-08-07","20:56:39+02:00",2040,"HPT2_NR_16"
"2015_08_04_16_56_03_54_Netscape__320x568","2015-08-07","23:30:00+02:00",36000,"HPT2_NR_16"
"2015_08_04_16_56_03_54_Netscape__320x568","2015-08-08","11:40:00+02:00",1800,"HPT2_NR_16"
"2015_08_04_16_56_03_54_Netscape__320x568","2015-08-08","13:30:00+02:00",9900,"HPT2_NR_16"
"2015_08_04_16_56_03_54_Netscape__320x568","2015-08-08","18:29:42+02:00",2883.681481,"HPT2_NR_16"
"2015_08_04_16_56_03_54_Netscape__320x568","2015-08-08","21:15:41+02:00",114.492543995,"HPT2_NR_16"
"2015_08_04_16_56_03_54_Netscape__320x568","2015-08-08","21:18:28+02:00",1931.08800799,"HPT2_NR_16"
"2015_08_04_16_56_03_54_Netscape__320x568","2015-08-08","23:21:43+02:00",34200,"HPT2_NR_16"
"2015_08_04_16_56_03_54_Netscape__320x568","2015-08-09","10:10:00+02:00",1800,"HPT2_NR_16"
"2015_08_04_16_56_03_54_Netscape__320x568","2015-08-09","12:00:00+02:00",1200,"HPT2_NR_16"
"2015_08_04_16_56_03_54_Netscape__320x568","2015-08-09","13:31:02+02:00",2640,"HPT2_NR_16"
"2015_08_04_16_56_03_54_Netscape__320x568","2015-08-09","14:30:00+02:00",3600,"HPT2_NR_16"
"2015_08_04_16_56_03_54_Netscape__320x568","2015-08-09","16:15:00+02:00",1500,"HPT2_NR_16"
"2015_08_04_16_56_03_54_Netscape__320x568","2015-08-09","18:00:00+02:00",4200,"HPT2_NR_16"
"2015_08_04_16_56_03_54_Netscape__320x568","2015-08-09","21:00:00+02:00",6300,"HPT2_NR_16"
"2015_08_04_16_56_03_54_Netscape__320x568","2015-08-09","23:25:00+02:00",1500,"HPT2_NR_16"
"2015_08_04_16_56_03_54_Netscape__320x568","2015-08-10","00:00:00+02:00",33600,"HPT2_NR_16"
"2015_08_04_16_56_03_54_Netscape__320x568","2015-08-10","10:32:38+02:00",8096.22261101,"HPT2_NR_16"
"2015_08_04_16_56_03_54_Netscape__320x568","2015-08-10","13:40:16+02:00",11376.616592,"HPT2_NR_16"
"2015_08_04_16_56_03_54_Netscape__320x568","2015-08-10","19:25:00+02:00",900,"HPT2_NR_16"
"2015_08_04_16_56_03_54_Netscape__320x568","2015-08-10","23:05:20+02:00",32862.78362,"HPT2_NR_16"
"2015_08_04_16_56_03_54_Netscape__320x568","2015-08-11","09:28:01+02:00",2704.596183,"HPT2_NR_16"
"2015_08_04_16_56_03_54_Netscape__320x568","2015-08-11","12:30:00+02:00",9000,"HPT2_NR_16"
"2015_08_04_16_56_03_54_Netscape__320x568","2015-08-11","18:12:31+02:00",2186.20690703,"HPT2_NR_16"
"2015_08_04_16_56_03_54_Netscape__320x568","2015-08-11","21:20:13+02:00",2460,"HPT2_NR_16"
"2015_08_04_16_56_03_54_Netscape__320x568","2015-08-11","22:55:21+02:00",35486.797181,"HPT2_NR_16"
"2015_08_04_16_56_03_54_Netscape__320x568","2015-08-12","10:15:00+02:00",2700,"HPT2_NR_16"
"2015_08_04_16_56_03_54_Netscape__320x568","2015-08-12","13:21:25+02:00",8048.85467601,"HPT2_NR_16"
"2015_08_04_16_56_03_54_Netscape__320x568","2015-08-12","17:00:00+02:00",900,"HPT2_NR_16"
"2015_08_04_16_56_03_54_Netscape__320x568","2015-08-12","18:08:59+02:00",1280.98892701,"HPT2_NR_16"
"2015_08_04_16_56_03_54_Netscape__320x568","2015-08-12","20:13:01+02:00",350.853405952,"HPT2_NR_16"
"2015_08_04_16_56_03_54_Netscape__320x568","2015-08-12","21:27:24+02:00",1523.14971805,"HPT2_NR_16"
"2015_08_04_16_56_03_54_Netscape__320x568","2015-08-12","23:13:20+02:00",35415.466055,"HPT2_NR_16"
"2015_08_04_16_56_03_54_Netscape__320x568","2015-08-13","10:58:01+02:00",2093.91792399,"HPT2_NR_16"
"2015_08_04_16_56_03_54_Netscape__320x568","2015-08-13","13:51:56+02:00",7954.12466002,"HPT2_NR_16"
"2015_08_04_16_56_03_54_Netscape__320x568","2015-08-13","18:39:03+02:00",2070.36353201,"HPT2_NR_16"
"2015_08_04_16_56_03_54_Netscape__320x568","2015-08-13","23:30:19+02:00",35126.919876,"HPT2_NR_16"
"2015_08_04_16_56_03_54_Netscape__320x568","2015-08-14","09:45:00+02:00",3300,"HPT2_NR_16"
"2015_08_04_16_56_03_54_Netscape__320x568","2015-08-14","17:02:02+02:00",9000,"HPT2_NR_16"
"2015_08_04_16_56_03_54_Netscape__320x568","2015-08-14","23:47:43+02:00",34445.809633,"HPT2_NR_16"
"2015_08_04_16_56_03_54_Netscape__320x568","2015-08-15","11:04:00+02:00",9660,"HPT2_NR_16"
"2015_08_04_16_56_03_54_Netscape__320x568","2015-08-15","16:30:00+02:00",1800,"HPT2_NR_16"
"2015_08_04_16_56_03_54_Netscape__320x568","2015-08-15","17:37:04+02:00",4492.54471499,"HPT2_NR_16"
"2015_08_04_16_56_03_54_Netscape__320x568","2015-08-15","19:27:11+02:00",5400,"HPT2_NR_16"
"2015_08_04_16_56_03_54_Netscape__320x568","2015-08-15","23:30:00+02:00",6300,"HPT2_NR_16"
"2015_08_04_16_56_03_54_Netscape__320x568","2015-08-16","02:14:01+02:00",25116.288128,"HPT2_NR_16"
"2015_08_04_16_56_03_54_Netscape__320x568","2015-08-16","11:08:37+02:00",543.501956999,"HPT2_NR_16"
"2015_08_04_16_56_03_54_Netscape__320x568","2015-08-16","11:33:52+02:00",2410.85180497,"HPT2_NR_16"
"2015_08_04_16_56_03_54_Netscape__320x568","2015-08-16","14:17:54+02:00",1126.68124604,"HPT2_NR_16"
"2015_08_04_16_56_03_54_Netscape__320x568","2015-08-16","15:52:00+02:00",1380,"HPT2_NR_16"
"2015_08_04_16_56_03_54_Netscape__320x568","2015-08-16","17:51:15+02:00",7325.13827205,"HPT2_NR_16"
"2015_08_04_16_56_03_54_Netscape__320x568","2015-08-16","22:33:57+02:00",2033.24478,"HPT2_NR_16"
"2015_08_04_16_56_03_54_Netscape__320x568","2015-08-16","23:41:26+02:00",33404.523941,"HPT2_NR_16"
"2015_08_04_16_56_03_54_Netscape__320x568","2015-08-17","10:33:44+02:00",5535.17900896,"HPT2_NR_16"
"2015_08_04_16_56_03_54_Netscape__320x568","2015-08-17","14:40:00+02:00",1800,"HPT2_NR_16"
"2015_08_04_16_56_03_54_Netscape__320x568","2015-08-17","16:56:42+02:00",2832.43555701,"HPT2_NR_16"
"2015_08_04_16_56_03_54_Netscape__320x568","2015-08-17","17:59:54+02:00",728.018612981,"HPT2_NR_16"
"2015_08_04_16_56_03_54_Netscape__320x568","2015-08-17","18:36:15+02:00",5428.57388604,"HPT2_NR_16"
"2015_08_04_16_56_03_54_Netscape__320x568","2015-08-17","23:15:04+02:00",34067.083713,"HPT2_NR_16"
"2015_08_04_16_56_03_54_Netscape__320x568","2015-08-18","10:22:30+02:00",2375.27366596,"HPT2_NR_16"
"2015_08_04_16_56_03_54_Netscape__320x568","2015-08-18","12:26:19+02:00",2364.091546,"HPT2_NR_16"
"2015_08_04_16_56_03_54_Netscape__320x568","2015-08-18","14:40:24+02:00",1706.03104198,"HPT2_NR_16"
"2015_08_04_16_56_03_54_Netscape__320x568","2015-08-18","16:04:25+02:00",6222.85360599,"HPT2_NR_16"
"2015_08_04_16_56_03_54_Netscape__320x568","2015-08-18","20:16:50+02:00",1823.98526502,"HPT2_NR_16"
"2015_08_04_16_56_03_54_Netscape__320x568","2015-08-18","23:45:00+02:00",27480,"HPT2_NR_16"
"2015_08_04_16_56_03_54_Netscape__320x568","2015-08-19","08:30:00+02:00",5400,"HPT2_NR_16"
"2015_08_04_16_56_03_54_Netscape__320x568","2015-08-19","10:15:00+02:00",3300,"HPT2_NR_16"
"2015_08_04_16_56_03_54_Netscape__320x568","2015-08-19","13:05:00+02:00",2100,"HPT2_NR_16"
"2015_08_04_16_56_03_54_Netscape__320x568","2015-08-19","16:00:00+02:00",3600,"HPT2_NR_16"
"2015_08_04_16_56_03_54_Netscape__320x568","2015-08-19","18:15:00+02:00",900,"HPT2_NR_16"
"2015_08_04_16_56_03_54_Netscape__320x568","2015-08-19","20:50:21+02:00",1575.60319102,"HPT2_NR_16"
"2015_08_04_16_56_03_54_Netscape__320x568","2015-08-19","23:30:00+02:00",33300,"HPT2_NR_16"
"2015_08_04_16_56_03_54_Netscape__320x568","2015-08-20","13:45:14+02:00",8236.13292199,"HPT2_NR_16"
"2015_08_04_16_56_03_54_Netscape__320x568","2015-08-20","17:30:00+02:00",1800,"HPT2_NR_16"
"2015_08_04_16_56_03_54_Netscape__320x568","2015-08-20","20:37:55+02:00",2013.04660702,"HPT2_NR_16"
"2015_08_04_16_56_03_54_Netscape__320x568","2015-08-20","23:52:14+02:00",33547.927645,"HPT2_NR_16"
"2015_08_04_16_56_03_54_Netscape__320x568","2015-08-21","11:00:00+02:00",1800,"HPT2_NR_16"
"2015_08_04_17_25_11_529_Netscape__320x568","2015-08-06","22:20:00+02:00",25200,"HPT2_NR_22"
"2015_08_04_17_25_11_529_Netscape__320x568","2015-08-07","06:09:28+02:00",7744.953408,"HPT2_NR_22"
"2015_08_04_17_25_11_529_Netscape__320x568","2015-08-07","14:00:00+02:00",6840,"HPT2_NR_22"
"2015_08_04_17_25_11_529_Netscape__320x568","2015-08-07","14:00:00+02:00",4500,"HPT2_NR_22"
"2015_08_04_17_25_11_529_Netscape__320x568","2015-08-07","15:56:24+02:00",12300,"HPT2_NR_22"
"2015_08_04_17_25_11_529_Netscape__320x568","2015-08-07","23:45:00+02:00",26100,"HPT2_NR_22"
"2015_08_04_17_25_11_529_Netscape__320x568","2015-08-08","08:00:00+02:00",6300,"HPT2_NR_22"
"2015_08_04_17_25_11_529_Netscape__320x568","2015-08-08","10:38:20+02:00",86400,"HPT2_NR_22"
"2015_08_04_17_25_11_529_Netscape__320x568","2015-08-08","14:00:00+02:00",5400,"HPT2_NR_22"
"2015_08_04_17_25_11_529_Netscape__320x568","2015-08-08","16:45:00+02:00",5700,"HPT2_NR_22"
"2015_08_04_17_25_11_529_Netscape__320x568","2015-08-08","22:00:00+02:00",18900,"HPT2_NR_22"
"2015_08_04_17_25_11_529_Netscape__320x568","2015-08-09","04:15:00+02:00",9900,"HPT2_NR_22"
"2015_08_04_17_25_11_529_Netscape__320x568","2015-08-09","08:15:00+02:00",8100,"HPT2_NR_22"
"2015_08_04_17_25_11_529_Netscape__320x568","2015-08-09","13:00:00+02:00",2700,"HPT2_NR_22"
"2015_08_04_17_25_11_529_Netscape__320x568","2015-08-09","16:54:44+02:00",3736.707708,"HPT2_NR_22"
"2015_08_04_17_25_11_529_Netscape__320x568","2015-08-09","22:57:36+02:00",22241.379529,"HPT2_NR_22"
"2015_08_04_17_25_11_529_Netscape__320x568","2015-08-10","05:46:56+02:00",10490.703155,"HPT2_NR_22"
"2015_08_04_17_25_11_529_Netscape__320x568","2015-08-10","14:24:33+02:00",3600,"HPT2_NR_22"
"2015_08_04_17_25_11_529_Netscape__320x568","2015-08-11","00:00:00+02:00",18000,"HPT2_NR_22"
"2015_08_04_17_25_11_529_Netscape__320x568","2015-08-11","05:45:00+02:00",3600,"HPT2_NR_22"
"2015_08_04_17_25_11_529_Netscape__320x568","2015-08-11","08:30:00+02:00",1800,"HPT2_NR_22"
"2015_08_04_17_25_11_529_Netscape__320x568","2015-08-11","13:00:00+02:00",7200,"HPT2_NR_22"
"2015_08_04_17_25_11_529_Netscape__320x568","2015-08-11","22:42:30+02:00",22803.472776,"HPT2_NR_22"
"2015_08_04_17_25_11_529_Netscape__320x568","2015-08-12","05:54:00+02:00",8669.83471704,"HPT2_NR_22"
"2015_08_04_17_25_11_529_Netscape__320x568","2015-08-12","10:30:00+02:00",2700,"HPT2_NR_22"
"2015_08_04_17_25_11_529_Netscape__320x568","2015-08-12","20:00:00+02:00",900,"HPT2_NR_22"
"2015_08_04_17_25_11_529_Netscape__320x568","2015-08-12","22:46:04+02:00",22032.398071,"HPT2_NR_22"
"2015_08_04_17_25_11_529_Netscape__320x568","2015-08-13","05:59:02+02:00",10209.458295,"HPT2_NR_22"
"2015_08_04_17_25_11_529_Netscape__320x568","2015-08-13","10:45:00+02:00",1200,"HPT2_NR_22"
"2015_08_04_17_25_11_529_Netscape__320x568","2015-08-13","14:15:00+02:00",1800,"HPT2_NR_22"
"2015_08_04_17_50_44_701_Netscape__320x568","2015-08-05","18:00:00+02:00",3600,"HPT2_NR_18"
"2015_08_04_17_50_44_701_Netscape__320x568","2015-08-05","19:30:00+02:00",6300,"HPT2_NR_18"
"2015_08_04_17_50_44_701_Netscape__320x568","2015-08-05","22:15:00+02:00",22500,"HPT2_NR_18"
"2015_08_04_17_50_44_701_Netscape__320x568","2015-08-06","05:00:00+02:00",7200,"HPT2_NR_18"
"2015_08_04_17_50_44_701_Netscape__320x568","2015-08-06","08:15:00+02:00",13500,"HPT2_NR_18"
"2015_08_04_17_50_44_701_Netscape__320x568","2015-08-06","13:05:00+02:00",12300,"HPT2_NR_18"
"2015_08_04_17_50_44_701_Netscape__320x568","2015-08-06","18:30:00+02:00",14400,"HPT2_NR_18"
"2015_08_04_17_50_44_701_Netscape__320x568","2015-08-06","23:00:00+02:00",23400,"HPT2_NR_18"
"2015_08_04_17_50_44_701_Netscape__320x568","2015-08-07","05:50:00+02:00",11400,"HPT2_NR_18"
"2015_08_04_17_50_44_701_Netscape__320x568","2015-08-07","10:19:29+02:00",8460,"HPT2_NR_18"
"2015_08_04_17_50_44_701_Netscape__320x568","2015-08-07","13:45:00+02:00",7200,"HPT2_NR_18"
"2015_08_04_17_50_44_701_Netscape__320x568","2015-08-07","16:30:00+02:00",10800,"HPT2_NR_18"
"2015_08_04_17_50_44_701_Netscape__320x568","2015-08-07","20:45:00+02:00",9900,"HPT2_NR_18"
"2015_08_04_17_50_44_701_Netscape__320x568","2015-08-08","00:00:00+02:00",16200,"HPT2_NR_18"
"2015_08_04_17_50_44_701_Netscape__320x568","2015-08-08","04:50:00+02:00",15900,"HPT2_NR_18"
"2015_08_04_17_50_44_701_Netscape__320x568","2015-08-08","10:30:00+02:00",10800,"HPT2_NR_18"
"2015_08_04_17_50_44_701_Netscape__320x568","2015-08-08","14:30:00+02:00",10800,"HPT2_NR_18"
"2015_08_04_17_50_44_701_Netscape__320x568","2015-08-08","19:00:00+02:00",12600,"HPT2_NR_18"
"2015_08_04_17_50_44_701_Netscape__320x568","2015-08-08","23:00:00+02:00",25740,"HPT2_NR_18"
"2015_08_04_17_50_44_701_Netscape__320x568","2015-08-09","06:45:00+02:00",10800,"HPT2_NR_18"
"2015_08_04_17_50_44_701_Netscape__320x568","2015-08-09","11:00:00+02:00",12600,"HPT2_NR_18"
"2015_08_04_17_50_44_701_Netscape__320x568","2015-08-09","15:30:00+02:00",2700,"HPT2_NR_18"
"2015_08_04_17_50_44_701_Netscape__320x568","2015-08-09","16:30:00+02:00",6600,"HPT2_NR_18"
"2015_08_04_17_50_44_701_Netscape__320x568","2015-08-09","18:45:00+02:00",6000,"HPT2_NR_18"
"2015_08_04_17_50_44_701_Netscape__320x568","2015-08-09","20:35:49+02:00",6600,"HPT2_NR_18"
"2015_08_04_17_50_44_701_Netscape__320x568","2015-08-09","23:00:00+02:00",19800,"HPT2_NR_18"
"2015_08_04_17_50_44_701_Netscape__320x568","2015-08-10","05:00:00+02:00",10800,"HPT2_NR_18"
"2015_08_04_17_50_44_701_Netscape__320x568","2015-08-10","09:30:00+02:00",10800,"HPT2_NR_18"
"2015_08_04_17_50_44_701_Netscape__320x568","2015-08-10","13:20:00+02:00",9600,"HPT2_NR_18"
"2015_08_04_17_50_44_701_Netscape__320x568","2015-08-10","23:30:00+02:00",25200,"HPT2_NR_18"
"2015_08_04_17_50_44_701_Netscape__320x568","2015-08-11","08:00:00+02:00",3600,"HPT2_NR_18"
"2015_08_04_17_50_44_701_Netscape__320x568","2015-08-11","09:30:00+02:00",3600,"HPT2_NR_18"
"2015_08_04_17_50_44_701_Netscape__320x568","2015-08-11","11:30:00+02:00",5400,"HPT2_NR_18"
"2015_08_04_17_50_44_701_Netscape__320x568","2015-08-11","14:00:00+02:00",3600,"HPT2_NR_18"
"2015_08_04_17_50_44_701_Netscape__320x568","2015-08-11","16:00:00+02:00",9000,"HPT2_NR_18"
"2015_08_04_17_50_44_701_Netscape__320x568","2015-08-11","20:00:00+02:00",10800,"HPT2_NR_18"
"2015_08_04_17_50_44_701_Netscape__320x568","2015-08-11","23:40:00+02:00",15600,"HPT2_NR_18"
"2015_08_04_17_50_44_701_Netscape__320x568","2015-08-12","04:45:00+02:00",5400,"HPT2_NR_18"
"2015_08_04_17_50_44_701_Netscape__320x568","2015-08-12","07:15:00+02:00",4500,"HPT2_NR_18"
"2015_08_04_17_50_44_701_Netscape__320x568","2015-08-12","08:57:00+02:00",7200,"HPT2_NR_18"
"2015_08_04_17_50_44_701_Netscape__320x568","2015-08-12","11:40:00+02:00",3840,"HPT2_NR_18"
"2015_08_04_17_50_44_701_Netscape__320x568","2015-08-12","13:20:00+02:00",6000,"HPT2_NR_18"
"2015_08_04_17_50_44_701_Netscape__320x568","2015-08-12","16:15:00+02:00",9900,"HPT2_NR_18"
"2015_08_04_17_50_44_701_Netscape__320x568","2015-08-12","23:20:00+02:00",20400,"HPT2_NR_18"
"2015_08_04_17_50_44_701_Netscape__320x568","2015-08-13","05:30:00+02:00",5400,"HPT2_NR_18"
"2015_08_04_17_50_44_701_Netscape__320x568","2015-08-13","08:15:00+02:00",8400,"HPT2_NR_18"
"2015_08_04_17_50_44_701_Netscape__320x568","2015-08-13","12:00:00+02:00",5400,"HPT2_NR_18"
"2015_08_04_17_50_44_701_Netscape__320x568","2015-08-13","15:20:00+02:00",2400,"HPT2_NR_18"
"2015_08_04_17_50_44_701_Netscape__320x568","2015-08-13","16:22:00+02:00",3600,"HPT2_NR_18"
"2015_08_04_17_50_44_701_Netscape__320x568","2015-08-13","20:30:00+02:00",9000,"HPT2_NR_18"
"2015_08_04_17_50_44_701_Netscape__320x568","2015-08-13","23:38:00+02:00",21600,"HPT2_NR_18"
"2015_08_04_17_50_44_701_Netscape__320x568","2015-08-14","06:10:00+02:00",650,"HPT2_NR_18"
"2015_08_04_17_50_44_701_Netscape__320x568","2015-08-14","06:10:00+02:00",9000,"HPT2_NR_18"
"2015_08_04_17_50_44_701_Netscape__320x568","2015-08-14","10:20:00+02:00",6000,"HPT2_NR_18"
"2015_08_04_17_50_44_701_Netscape__320x568","2015-08-14","13:55:00+02:00",10800,"HPT2_NR_18"
"2015_08_04_17_50_44_701_Netscape__320x568","2015-08-14","18:15:00+02:00",16200,"HPT2_NR_18"
"2015_08_04_17_50_44_701_Netscape__320x568","2015-08-15","00:05:21+02:00",14400,"HPT2_NR_18"
"2015_08_04_17_50_44_701_Netscape__320x568","2015-08-15","04:15:00+02:00",8100,"HPT2_NR_18"
"2015_08_04_17_50_44_701_Netscape__320x568","2015-08-15","07:00:00+02:00",4800,"HPT2_NR_18"
"2015_08_04_17_50_44_701_Netscape__320x568","2015-08-15","09:30:00+02:00",1800,"HPT2_NR_18"
"2015_08_04_17_50_44_701_Netscape__320x568","2015-08-15","10:30:00+02:00",14400,"HPT2_NR_18"
"2015_08_04_17_50_44_701_Netscape__320x568","2015-08-15","16:30:00+02:00",5400,"HPT2_NR_18"
"2015_08_04_17_50_44_701_Netscape__320x568","2015-08-15","19:30:00+02:00",1800,"HPT2_NR_18"
"2015_08_04_17_50_44_701_Netscape__320x568","2015-08-15","20:15:00+02:00",2700,"HPT2_NR_18"
"2015_08_04_17_50_44_701_Netscape__320x568","2015-08-15","21:10:00+02:00",5100,"HPT2_NR_18"
"2015_08_04_17_50_44_701_Netscape__320x568","2015-08-15","23:15:00+02:00",27900,"HPT2_NR_18"
"2015_08_04_17_50_44_701_Netscape__320x568","2015-08-16","08:45:00+02:00",8100,"HPT2_NR_18"
"2015_08_04_17_50_44_701_Netscape__320x568","2015-08-16","11:25:00+02:00",5700,"HPT2_NR_18"
"2015_08_04_17_50_44_701_Netscape__320x568","2015-08-16","15:45:00+02:00",9900,"HPT2_NR_18"
"2015_08_04_17_50_44_701_Netscape__320x568","2015-08-16","20:00:00+02:00",10800,"HPT2_NR_18"
"2015_08_04_17_50_44_701_Netscape__320x568","2015-08-16","23:20:00+02:00",25800,"HPT2_NR_18"
"2015_08_04_17_50_44_701_Netscape__320x568","2015-08-17","08:00:00+02:00",7200,"HPT2_NR_18"
"2015_08_04_17_50_44_701_Netscape__320x568","2015-08-17","11:30:00+02:00",10800,"HPT2_NR_18"
"2015_08_04_17_50_44_701_Netscape__320x568","2015-08-17","15:00:00+02:00",12600,"HPT2_NR_18"
"2015_08_04_17_50_44_701_Netscape__320x568","2015-08-17","20:10:00+02:00",1800,"HPT2_NR_18"
"2015_08_04_17_50_44_701_Netscape__320x568","2015-08-17","20:40:00+02:00",9600,"HPT2_NR_18"
"2015_08_04_17_50_44_701_Netscape__320x568","2015-08-17","23:20:00+02:00",25800,"HPT2_NR_18"
"2015_08_04_17_50_44_701_Netscape__320x568","2015-08-18","08:00:00+02:00",9000,"HPT2_NR_18"
"2015_08_04_17_50_44_701_Netscape__320x568","2015-08-18","12:30:00+02:00",3600,"HPT2_NR_18"
"2015_08_04_17_50_44_701_Netscape__320x568","2015-08-18","16:00:00+02:00",10800,"HPT2_NR_18"
"2015_08_04_17_50_44_701_Netscape__320x568","2015-08-18","20:30:00+02:00",9000,"HPT2_NR_18"
"2015_08_04_17_50_44_701_Netscape__320x568","2015-08-18","23:20:00+02:00",24000,"HPT2_NR_18"
"2015_08_04_17_50_44_701_Netscape__320x568","2015-08-19","07:10:00+02:00",12600,"HPT2_NR_18"
"2015_08_04_17_50_44_701_Netscape__320x568","2015-08-19","12:00:00+02:00",10800,"HPT2_NR_18"
"2015_08_04_17_50_44_701_Netscape__320x568","2015-08-19","16:00:00+02:00",10800,"HPT2_NR_18"
"2015_08_04_17_50_44_701_Netscape__320x568","2015-08-19","20:30:00+02:00",9000,"HPT2_NR_18"
"2015_08_04_17_50_44_701_Netscape__320x568","2015-08-19","23:20:00+02:00",18600,"HPT2_NR_18"
"2015_08_04_17_50_44_701_Netscape__320x568","2015-08-20","08:10:00+02:00",10200,"HPT2_NR_18"
"2015_08_04_17_50_44_701_Netscape__320x568","2015-08-20","12:30:00+02:00",799,"HPT2_NR_18"
"2015_08_04_17_56_33_132_Netscape__320x568","2015-08-15","22:30:00+02:00",28800,"HPT2_NR_19"
"2015_08_04_17_56_33_132_Netscape__320x568","2015-08-16","07:30:00+02:00",17100,"HPT2_NR_19"
"2015_08_04_17_56_33_132_Netscape__320x568","2015-08-16","14:00:00+02:00",2700,"HPT2_NR_19"
"2015_08_04_17_56_33_132_Netscape__320x568","2015-08-16","17:15:00+02:00",2700,"HPT2_NR_19"
"2015_08_04_17_56_33_132_Netscape__320x568","2015-08-16","19:45:00+02:00",4500,"HPT2_NR_19"
"2015_08_04_17_56_33_132_Netscape__320x568","2015-08-16","22:15:00+02:00",29700,"HPT2_NR_19"
"2015_08_04_17_56_33_132_Netscape__320x568","2015-08-17","08:45:00+02:00",7800,"HPT2_NR_19"
"2015_08_04_17_56_33_132_Netscape__320x568","2015-08-17","13:15:00+02:00",4500,"HPT2_NR_19"
"2015_08_04_17_56_33_132_Netscape__320x568","2015-08-17","22:40:00+02:00",4680,"HPT2_NR_19"
"2015_08_04_17_56_33_132_Netscape__320x568","2015-08-18","00:30:00+02:00",21600,"HPT2_NR_19"
"2015_08_04_17_56_33_132_Netscape__320x568","2015-08-18","09:30:00+02:00",4200,"HPT2_NR_19"
"2015_08_04_17_56_33_132_Netscape__320x568","2015-08-18","12:20:00+02:00",8700,"HPT2_NR_19"
"2015_08_04_17_56_33_132_Netscape__320x568","2015-08-18","15:30:00+02:00",7200,"HPT2_NR_19"
"2015_08_04_17_56_33_132_Netscape__320x568","2015-08-18","21:35:00+02:00",32400,"HPT2_NR_19"
"2015_08_04_17_56_33_132_Netscape__320x568","2015-08-19","16:30:00+02:00",3600,"HPT2_NR_19"
"2015_08_04_17_56_33_132_Netscape__320x568","2015-08-19","22:45:00+02:00",27900,"HPT2_NR_19"
"2015_08_04_17_56_33_132_Netscape__320x568","2015-08-20","22:30:00+02:00",30600,"HPT2_NR_19"
"2015_08_04_17_56_33_132_Netscape__320x568","2015-08-21","08:30:00+02:00",10800,"HPT2_NR_19"
"2015_08_04_17_56_33_132_Netscape__320x568","2015-08-21","13:00:00+02:00",3600,"HPT2_NR_19"
"2015_08_04_17_56_33_132_Netscape__320x568","2015-08-21","15:30:00+02:00",4500,"HPT2_NR_19"
"2015_08_04_18_18_05_349_Netscape__768x1024","2015-08-05","09:00:00+02:00",10800,"HPT2_NR_20"
"2015_08_04_18_18_05_349_Netscape__768x1024","2015-08-05","16:30:00+02:00",10800,"HPT2_NR_20"
"2015_08_04_18_18_05_349_Netscape__768x1024","2015-08-05","19:50:36+02:00",12900,"HPT2_NR_20"
"2015_08_04_18_18_05_349_Netscape__768x1024","2015-08-05","23:40:00+02:00",9300,"HPT2_NR_20"
"2015_08_04_18_18_05_349_Netscape__768x1024","2015-08-06","02:35:00+02:00",8700,"HPT2_NR_20"
"2015_08_04_18_18_05_349_Netscape__768x1024","2015-08-06","05:20:00+02:00",11400,"HPT2_NR_20"
"2015_08_04_18_18_05_349_Netscape__768x1024","2015-08-11","21:00:00+02:00",24000,"HPT2_NR_20"
"2015_08_04_18_18_05_349_Netscape__768x1024","2015-08-19","22:00:00+02:00",27000,"HPT2_NR_20"
"2015_08_04_18_18_05_349_Netscape__768x1024","2015-08-23","22:15:00+02:00",32400,"HPT2_NR_20"
"2015_08_04_18_18_05_349_Netscape__768x1024","2015-08-25","04:50:00+02:00",18300,"HPT2_NR_20"
"2015_08_04_18_18_05_349_Netscape__768x1024","2015-08-25","10:30:00+02:00",9000,"HPT2_NR_20"
"2015_08_04_18_18_05_349_Netscape__768x1024","2015-08-25","21:50:00+02:00",20100,"HPT2_NR_20"
"2015_08_04_18_18_05_349_Netscape__768x1024","2015-08-26","03:55:00+02:00",16800,"HPT2_NR_20"
"2015_08_04_18_18_05_349_Netscape__768x1024","2015-08-26","10:40:00+02:00",7500,"HPT2_NR_20"
"2015_08_04_18_18_05_349_Netscape__768x1024","2015-08-26","13:00:00+02:00",15300,"HPT2_NR_20"
"2015_08_04_18_30_05_377_Netscape__768x1024","2015-08-06","17:22:00+02:00",2280,"HPT2_NR_21"
"2015_08_04_18_30_05_377_Netscape__768x1024","2015-08-06","23:00:00+02:00",14400,"HPT2_NR_21"
"2015_08_04_18_30_05_377_Netscape__768x1024","2015-08-07","03:30:00+02:00",12600,"HPT2_NR_21"
"2015_08_04_18_30_05_377_Netscape__768x1024","2015-08-07","07:00:00+02:00",10200,"HPT2_NR_21"
"2015_08_04_18_30_05_377_Netscape__768x1024","2015-08-07","14:00:00+02:00",3600,"HPT2_NR_21"
"2015_08_04_18_30_05_377_Netscape__768x1024","2015-08-07","22:30:00+02:00",11880,"HPT2_NR_21"
"2015_08_04_18_30_05_377_Netscape__768x1024","2015-08-08","01:40:00+02:00",15600,"HPT2_NR_21"
"2015_08_04_18_30_05_377_Netscape__768x1024","2015-08-08","06:10:00+02:00",10200,"HPT2_NR_21"
"2015_08_04_18_30_05_377_Netscape__768x1024","2015-08-09","09:30:00+02:00",5400,"HPT2_NR_21"
"2015_08_04_18_30_05_377_Netscape__768x1024","2015-08-09","15:00:00+02:00",3600,"HPT2_NR_21"
"2015_08_04_18_30_05_377_Netscape__768x1024","2015-08-09","17:30:00+02:00",4800,"HPT2_NR_21"
"2015_08_04_18_30_05_377_Netscape__768x1024","2015-08-09","22:45:00+02:00",21120,"HPT2_NR_21"
"2015_08_04_18_30_05_377_Netscape__768x1024","2015-08-10","05:00:00+02:00",13224,"HPT2_NR_21"
"2015_08_04_18_30_05_377_Netscape__768x1024","2015-08-10","13:15:00+02:00",8700,"HPT2_NR_21"
"2015_08_04_18_30_05_377_Netscape__768x1024","2015-08-10","23:00:00+02:00",21120,"HPT2_NR_21"
"2015_08_04_18_30_05_377_Netscape__768x1024","2015-08-11","05:00:00+02:00",9497,"HPT2_NR_21"
"2015_08_04_18_30_05_377_Netscape__768x1024","2015-08-11","14:00:00+02:00",3600,"HPT2_NR_21"
"2015_08_04_18_30_05_377_Netscape__768x1024","2015-08-11","21:00:00+02:00",4500,"HPT2_NR_21"
"2015_08_04_18_30_05_377_Netscape__768x1024","2015-08-12","01:10:00+02:00",15600,"HPT2_NR_21"
"2015_08_04_18_30_05_377_Netscape__768x1024","2015-08-12","06:00:00+02:00",12600,"HPT2_NR_21"
"2015_08_04_18_30_05_377_Netscape__768x1024","2015-08-12","14:10:00+02:00",11160,"HPT2_NR_21"
"2015_08_04_18_30_05_377_Netscape__768x1024","2015-08-13","00:00:00+02:00",18000,"HPT2_NR_21"
"2015_08_04_18_30_05_377_Netscape__768x1024","2015-08-13","05:13:00+02:00",9420,"HPT2_NR_21"
"2015_08_04_18_30_05_377_Netscape__768x1024","2015-08-14","07:45:00+02:00",8100,"HPT2_NR_21"
"2015_08_04_18_30_05_377_Netscape__768x1024","2015-08-15","17:00:00+02:00",7200,"HPT2_NR_21"
"2015_08_04_18_30_05_377_Netscape__768x1024","2015-08-16","01:00:00+02:00",28800,"HPT2_NR_21"
"2015_08_04_18_30_05_377_Netscape__768x1024","2015-08-16","11:00:00+02:00",3600,"HPT2_NR_21"
"2015_08_04_18_30_05_377_Netscape__768x1024","2015-08-16","14:10:00+02:00",1800,"HPT2_NR_21"
"2015_08_04_18_30_05_377_Netscape__768x1024","2015-08-16","16:00:00+02:00",3600,"HPT2_NR_21"
"2015_08_04_18_30_05_377_Netscape__768x1024","2015-08-16","21:15:00+02:00",2040,"HPT2_NR_21"
"2015_08_04_18_30_05_377_Netscape__768x1024","2015-08-16","21:30:00+02:00",2400,"HPT2_NR_21"
"2015_08_04_18_30_05_377_Netscape__768x1024","2015-08-16","22:28:49+02:00",7947.80200505,"HPT2_NR_21"
"2015_08_04_18_30_05_377_Netscape__768x1024","2015-08-17","00:41:57+02:00",7745.35880601,"HPT2_NR_21"
"2015_08_04_18_30_05_377_Netscape__768x1024","2015-08-17","05:10:00+02:00",13800,"HPT2_NR_21"
"2015_08_04_18_30_05_377_Netscape__768x1024","2015-08-17","13:00:00+02:00",3600,"HPT2_NR_21"
"2015_08_04_18_30_05_377_Netscape__768x1024","2015-08-17","23:00:00+02:00",10800,"HPT2_NR_21"
"2015_08_04_18_30_05_377_Netscape__768x1024","2015-08-18","02:15:00+02:00",12600,"HPT2_NR_21"
"2015_08_04_18_30_05_377_Netscape__768x1024","2015-08-18","05:45:00+02:00",14400,"HPT2_NR_21"
"2015_08_04_18_30_05_377_Netscape__768x1024","2015-08-18","07:00:00+02:00",6600,"HPT2_NR_21"
"2015_08_04_18_30_05_377_Netscape__768x1024","2015-08-18","11:00:00+02:00",4500,"HPT2_NR_21"
"2015_08_04_18_30_05_377_Netscape__768x1024","2015-08-18","19:45:00+02:00",2700,"HPT2_NR_21"
"2015_08_04_18_30_05_377_Netscape__768x1024","2015-08-18","22:45:00+02:00",3580,"HPT2_NR_21"
"2015_08_04_18_30_05_377_Netscape__768x1024","2015-08-19","00:10:00+02:00",26868,"HPT2_NR_21"
"2015_08_04_18_30_05_377_Netscape__768x1024","2015-08-19","08:00:00+02:00",3600,"HPT2_NR_21"
"2015_08_04_18_30_05_377_Netscape__768x1024","2015-08-19","09:45:00+02:00",3600,"HPT2_NR_21"
"2015_08_04_18_30_05_377_Netscape__768x1024","2015-08-19","12:00:00+02:00",7200,"HPT2_NR_21"
"2015_08_04_18_30_05_377_Netscape__768x1024","2015-08-19","21:00:00+02:00",3840,"HPT2_NR_21"
"2015_08_04_18_30_05_377_Netscape__768x1024","2015-08-19","23:55:00+02:00",11100,"HPT2_NR_21"
"2015_08_04_18_30_05_377_Netscape__768x1024","2015-08-20","03:15:00+02:00",15300,"HPT2_NR_21"
"2015_08_04_18_30_05_377_Netscape__768x1024","2015-08-20","07:45:00+02:00",8100,"HPT2_NR_21"
"2015_08_04_18_30_05_377_Netscape__768x1024","2015-08-20","11:35:00+02:00",4500,"HPT2_NR_21"
"2015_08_04_20_04_50_886_Netscape__360x640","2015-08-05","23:30:00+02:00",18900,"HPT2_NR_23"
"2015_08_04_20_04_50_886_Netscape__360x640","2015-08-06","05:00:00+02:00",11700,"HPT2_NR_23"
"2015_08_04_20_04_50_886_Netscape__360x640","2015-08-06","08:30:00+02:00",4500,"HPT2_NR_23"
"2015_08_04_20_04_50_886_Netscape__360x640","2015-08-06","09:48:59+02:00",4599.08579397,"HPT2_NR_23"
"2015_08_04_20_04_50_886_Netscape__360x640","2015-08-06","12:00:00+02:00",3600,"HPT2_NR_23"
"2015_08_04_20_04_50_886_Netscape__360x640","2015-08-06","14:45:00+02:00",3900,"HPT2_NR_23"
"2015_08_04_20_04_50_886_Netscape__360x640","2015-08-06","18:47:16+02:00",660,"HPT2_NR_23"
"2015_08_04_20_04_50_886_Netscape__360x640","2015-08-06","20:16:00+02:00",1920,"HPT2_NR_23"
"2015_08_04_20_04_50_886_Netscape__360x640","2015-08-06","22:00:00+02:00",1817,"HPT2_NR_23"
"2015_08_04_20_04_50_886_Netscape__360x640","2015-08-06","22:30:58+02:00",23806.010882,"HPT2_NR_23"
"2015_08_04_20_04_50_886_Netscape__360x640","2015-08-07","05:27:07+02:00",9181.42214298,"HPT2_NR_23"
"2015_08_04_20_04_50_886_Netscape__360x640","2015-08-07","08:04:00+02:00",5160,"HPT2_NR_23"
"2015_08_04_20_04_50_886_Netscape__360x640","2015-08-07","18:30:00+02:00",21600,"HPT2_NR_23"
"2015_08_04_20_04_50_886_Netscape__360x640","2015-08-08","15:20:00+02:00",7200,"HPT2_NR_23"
"2015_08_04_20_04_50_886_Netscape__360x640","2015-08-08","22:30:00+02:00",1380,"HPT2_NR_23"
"2015_08_04_20_04_50_886_Netscape__360x640","2015-08-08","22:54:26+02:00",24143.741334,"HPT2_NR_23"
"2015_08_04_20_04_50_886_Netscape__360x640","2015-08-09","05:58:45+02:00",10494.969125,"HPT2_NR_23"
"2015_08_04_20_04_50_886_Netscape__360x640","2015-08-09","09:06:19+02:00",3690.42803699,"HPT2_NR_23"
"2015_08_04_20_04_50_886_Netscape__360x640","2015-08-09","13:40:00+02:00",4800,"HPT2_NR_23"
"2015_08_04_20_04_50_886_Netscape__360x640","2015-08-09","16:48:32+02:00",1014.34173995,"HPT2_NR_23"
"2015_08_04_20_04_50_886_Netscape__360x640","2015-08-09","17:30:00+02:00",12633,"HPT2_NR_23"
"2015_08_04_20_04_50_886_Netscape__360x640","2015-08-09","21:01:04+02:00",5557.187047,"HPT2_NR_23"
"2015_08_04_20_04_50_886_Netscape__360x640","2015-08-10","15:00:00+02:00",10200,"HPT2_NR_23"
"2015_08_04_20_04_50_886_Netscape__360x640","2015-08-10","19:15:00+02:00",6300,"HPT2_NR_23"
"2015_08_04_20_04_50_886_Netscape__360x640","2015-08-11","08:08:00+02:00",5160,"HPT2_NR_23"
"2015_08_04_20_04_50_886_Netscape__360x640","2015-08-11","12:30:00+02:00",9900,"HPT2_NR_23"
"2015_08_04_20_04_50_886_Netscape__360x640","2015-08-11","17:15:00+02:00",2609,"HPT2_NR_23"
"2015_08_04_20_04_50_886_Netscape__360x640","2015-08-11","20:30:00+02:00",1920,"HPT2_NR_23"
"2015_08_04_20_04_50_886_Netscape__360x640","2015-08-11","23:32:22+02:00",14816.142286,"HPT2_NR_23"
"2015_08_04_20_04_50_886_Netscape__360x640","2015-08-12","03:49:00+02:00",9660,"HPT2_NR_23"
"2015_08_04_20_04_50_886_Netscape__360x640","2015-08-12","06:45:49+02:00",6113.26874399,"HPT2_NR_23"
"2015_08_04_20_04_50_886_Netscape__360x640","2015-08-12","08:29:14+02:00",3338.78734601,"HPT2_NR_23"
"2015_08_04_20_04_50_886_Netscape__360x640","2015-08-12","11:25:00+02:00",5580,"HPT2_NR_23"
"2015_08_04_20_04_50_886_Netscape__360x640","2015-08-12","15:02:00+02:00",1740,"HPT2_NR_23"
"2015_08_04_20_04_50_886_Netscape__360x640","2015-08-12","17:46:17+02:00",2600.62681401,"HPT2_NR_23"
"2015_08_04_20_04_50_886_Netscape__360x640","2015-08-12","20:04:00+02:00",6261.76771998,"HPT2_NR_23"
"2015_08_04_20_04_50_886_Netscape__360x640","2015-08-12","22:25:05+02:00",8824.50143403,"HPT2_NR_23"
"2015_08_04_20_04_50_886_Netscape__360x640","2015-08-13","01:02:53+02:00",29831.794892,"HPT2_NR_23"
"2015_08_04_20_04_50_886_Netscape__360x640","2015-08-14","23:30:00+02:00",17760,"HPT2_NR_23"
"2015_08_04_20_04_50_886_Netscape__360x640","2015-08-15","04:38:00+02:00",7560,"HPT2_NR_23"
"2015_08_04_20_04_50_886_Netscape__360x640","2015-08-15","06:54:00+02:00",8160,"HPT2_NR_23"
"2015_08_04_20_04_50_886_Netscape__360x640","2015-08-15","23:08:00+02:00",22260,"HPT2_NR_23"
"2015_08_04_20_04_50_886_Netscape__360x640","2015-08-16","05:35:00+02:00",9240,"HPT2_NR_23"
"2015_08_04_20_04_50_886_Netscape__360x640","2015-08-16","08:20:00+02:00",12840,"HPT2_NR_23"
"2015_08_04_20_04_50_886_Netscape__360x640","2015-08-18","00:27:00+02:00",17220,"HPT2_NR_23"
"2015_08_04_20_04_50_886_Netscape__360x640","2015-08-18","05:28:00+02:00",11160,"HPT2_NR_23"
"2015_08_04_20_04_50_886_Netscape__360x640","2015-08-18","08:41:00+02:00",9420,"HPT2_NR_23"
"2015_08_04_20_04_50_886_Netscape__360x640","2015-08-18","11:30:00+02:00",6660,"HPT2_NR_23"
"2015_08_04_20_04_50_886_Netscape__360x640","2015-08-18","18:00:00+02:00",13200,"HPT2_NR_23"
"2015_08_04_20_04_50_886_Netscape__360x640","2015-08-19","00:57:57+02:00",13329.384314,"HPT2_NR_23"
"2015_08_04_20_04_50_886_Netscape__360x640","2015-08-19","04:56:51+02:00",10269.116355,"HPT2_NR_23"
"2015_08_04_20_04_50_886_Netscape__360x640","2015-08-19","08:07:42+02:00",10294.843766,"HPT2_NR_23"
"2015_08_04_20_04_50_886_Netscape__360x640","2015-08-19","11:08:45+02:00",4959.26819497,"HPT2_NR_23"
"2015_08_04_21_57_35_570_Netscape__768x1024","2015-08-05","17:03:12+02:00",1800,"HPT2_NR_24"
"2015_08_04_21_57_35_570_Netscape__768x1024","2015-08-05","17:39:45+02:00",3373.03699398,"HPT2_NR_24"
"2015_08_04_21_57_35_570_Netscape__768x1024","2015-08-05","21:10:50+02:00",8509.52591598,"HPT2_NR_24"
"2015_08_04_21_57_35_570_Netscape__768x1024","2015-08-05","23:48:04+02:00",12976.246166,"HPT2_NR_24"
"2015_08_04_21_57_35_570_Netscape__768x1024","2015-08-06","03:51:03+02:00",10590.161929,"HPT2_NR_24"
"2015_08_04_21_57_35_570_Netscape__768x1024","2015-08-06","08:10:00+02:00",1200,"HPT2_NR_24"
"2015_08_04_21_57_35_570_Netscape__768x1024","2015-08-06","09:20:00+02:00",3312,"HPT2_NR_24"
"2015_08_04_21_57_35_570_Netscape__768x1024","2015-08-06","12:00:00+02:00",4740,"HPT2_NR_24"
"2015_08_04_21_57_35_570_Netscape__768x1024","2015-08-06","15:30:00+02:00",3240,"HPT2_NR_24"
"2015_08_04_21_57_35_570_Netscape__768x1024","2015-08-06","18:24:12+02:00",757.736504018,"HPT2_NR_24"
"2015_08_04_21_57_35_570_Netscape__768x1024","2015-08-06","20:39:05+02:00",881.136489987,"HPT2_NR_24"
"2015_08_04_21_57_35_570_Netscape__768x1024","2015-08-06","21:30:20+02:00",33859.222369,"HPT2_NR_24"
"2015_08_04_21_57_35_570_Netscape__768x1024","2015-08-07","12:45:00+02:00",1800,"HPT2_NR_24"
"2015_08_04_21_57_35_570_Netscape__768x1024","2015-08-07","14:45:00+02:00",2700,"HPT2_NR_24"
"2015_08_04_21_57_35_570_Netscape__768x1024","2015-08-07","17:34:00+02:00",1500,"HPT2_NR_24"
"2015_08_04_21_57_35_570_Netscape__768x1024","2015-08-07","21:21:09+02:00",34297.936036,"HPT2_NR_24"
"2015_08_04_21_57_35_570_Netscape__768x1024","2015-08-08","11:48:54+02:00",1371.87758499,"HPT2_NR_24"
"2015_08_04_21_57_35_570_Netscape__768x1024","2015-08-08","14:07:00+02:00",2700,"HPT2_NR_24"
"2015_08_04_21_57_35_570_Netscape__768x1024","2015-08-08","15:10:00+02:00",7140,"HPT2_NR_24"
"2015_08_04_21_57_35_570_Netscape__768x1024","2015-08-08","18:32:00+02:00",5280,"HPT2_NR_24"
"2015_08_04_21_57_35_570_Netscape__768x1024","2015-08-08","21:43:02+02:00",22338.465136,"HPT2_NR_24"
"2015_08_04_21_57_35_570_Netscape__768x1024","2015-08-09","04:42:00+02:00",14988,"HPT2_NR_24"
"2015_08_04_21_57_35_570_Netscape__768x1024","2015-08-09","10:10:00+02:00",3180,"HPT2_NR_24"
"2015_08_04_21_57_35_570_Netscape__768x1024","2015-08-09","12:20:04+02:00",907.084107995,"HPT2_NR_24"
"2015_08_04_21_57_35_570_Netscape__768x1024","2015-08-09","13:12:00+02:00",4680,"HPT2_NR_24"
"2015_08_04_21_57_35_570_Netscape__768x1024","2015-08-09","15:12:00+02:00",2340,"HPT2_NR_24"
"2015_08_04_21_57_35_570_Netscape__768x1024","2015-08-09","19:03:00+02:00",1200,"HPT2_NR_24"
"2015_08_04_21_57_35_570_Netscape__768x1024","2015-08-09","21:05:10+02:00",9771.17202401,"HPT2_NR_24"
"2015_08_04_21_57_35_570_Netscape__768x1024","2015-08-10","00:09:52+02:00",16693.868524,"HPT2_NR_24"
"2015_08_04_21_57_35_570_Netscape__768x1024","2015-08-10","05:17:17+02:00",13080.27203,"HPT2_NR_24"
"2015_08_04_21_57_35_570_Netscape__768x1024","2015-08-10","10:07:51+02:00",2436.243384,"HPT2_NR_24"
"2015_08_04_21_57_35_570_Netscape__768x1024","2015-08-10","13:02:00+02:00",1440,"HPT2_NR_24"
"2015_08_04_21_57_35_570_Netscape__768x1024","2015-08-10","14:01:29+02:00",6679.36316997,"HPT2_NR_24"
"2015_08_04_21_57_35_570_Netscape__768x1024","2015-08-10","17:51:04+02:00",2583.85612804,"HPT2_NR_24"
"2015_08_04_21_57_35_570_Netscape__768x1024","2015-08-10","20:48:32+02:00",27145.352342,"HPT2_NR_24"
"2015_08_04_21_57_35_570_Netscape__768x1024","2015-08-11","05:06:07+02:00",8703.87937701,"HPT2_NR_24"
"2015_08_04_21_57_35_570_Netscape__768x1024","2015-08-11","09:08:37+02:00",2416.87414002,"HPT2_NR_24"
"2015_08_04_21_57_35_570_Netscape__768x1024","2015-08-11","11:26:00+02:00",8820,"HPT2_NR_24"
"2015_08_04_21_57_35_570_Netscape__768x1024","2015-08-11","15:42:52+02:00",1343.31641704,"HPT2_NR_24"
"2015_08_04_21_57_35_570_Netscape__768x1024","2015-08-11","17:04:45+02:00",346.335581005,"HPT2_NR_24"
"2015_08_04_21_57_35_570_Netscape__768x1024","2015-08-11","18:10:12+02:00",2114.18219501,"HPT2_NR_24"
"2015_08_04_21_57_35_570_Netscape__768x1024","2015-08-11","21:11:03+02:00",32618.158376,"HPT2_NR_24"
"2015_08_04_21_57_35_570_Netscape__768x1024","2015-08-12","07:40:08+02:00",6235.63192803,"HPT2_NR_24"
"2015_08_04_21_57_35_570_Netscape__768x1024","2015-08-12","14:40:00+02:00",3646,"HPT2_NR_24"
"2015_08_04_21_57_35_570_Netscape__768x1024","2015-08-12","20:36:35+02:00",16709.681647,"HPT2_NR_24"
"2015_08_04_21_57_35_570_Netscape__768x1024","2015-08-13","01:49:33+02:00",16307.513447,"HPT2_NR_24"
"2015_08_04_21_57_35_570_Netscape__768x1024","2015-08-13","06:45:00+02:00",5912,"HPT2_NR_24"
"2015_08_04_21_57_35_570_Netscape__768x1024","2015-08-13","09:37:10+02:00",1924.76684302,"HPT2_NR_24"
"2015_08_04_21_57_35_570_Netscape__768x1024","2015-08-13","14:18:19+02:00",1757.48703504,"HPT2_NR_24"
"2015_08_04_21_57_35_570_Netscape__768x1024","2015-08-13","16:17:32+02:00",3315.52001399,"HPT2_NR_24"
"2015_08_04_21_57_35_570_Netscape__768x1024","2015-08-13","20:36:33+02:00",14050.491996,"HPT2_NR_24"
"2015_08_04_21_57_35_570_Netscape__768x1024","2015-08-14","01:06:14+02:00",11922.403959,"HPT2_NR_24"
"2015_08_04_21_57_35_570_Netscape__768x1024","2015-08-14","04:56:10+02:00",11732.682896,"HPT2_NR_24"
"2015_08_04_21_57_35_570_Netscape__768x1024","2015-08-14","09:40:00+02:00",1560,"HPT2_NR_24"
"2015_08_04_21_57_35_570_Netscape__768x1024","2015-08-14","10:38:00+02:00",1200,"HPT2_NR_24"
"2015_08_04_21_57_35_570_Netscape__768x1024","2015-08-14","12:09:58+02:00",4127.413459,"HPT2_NR_24"
"2015_08_04_21_57_35_570_Netscape__768x1024","2015-08-14","15:59:29+02:00",945.538627982,"HPT2_NR_24"
"2015_08_04_21_57_35_570_Netscape__768x1024","2015-08-14","16:38:46+02:00",2761.96101201,"HPT2_NR_24"
"2015_08_04_21_57_35_570_Netscape__768x1024","2015-08-14","19:30:20+02:00",674.200423956,"HPT2_NR_24"
"2015_08_04_21_57_35_570_Netscape__768x1024","2015-08-14","20:47:45+02:00",17251.705944,"HPT2_NR_24"
"2015_08_04_21_57_35_570_Netscape__768x1024","2015-08-15","02:05:46+02:00",8953.94044203,"HPT2_NR_24"
"2015_08_04_21_57_35_570_Netscape__768x1024","2015-08-15","05:00:19+02:00",13774.712496,"HPT2_NR_24"
"2015_08_04_21_57_35_570_Netscape__768x1024","2015-08-15","10:20:04+02:00",1303.20986301,"HPT2_NR_24"
"2015_08_04_21_57_35_570_Netscape__768x1024","2015-08-15","12:23:34+02:00",10432.763118,"HPT2_NR_24"
"2015_08_04_21_57_35_570_Netscape__768x1024","2015-08-15","16:38:00+02:00",2600,"HPT2_NR_24"
"2015_08_04_21_57_35_570_Netscape__768x1024","2015-08-15","19:03:55+02:00",2280.41052598,"HPT2_NR_24"
"2015_08_04_21_57_35_570_Netscape__768x1024","2015-08-15","21:34:18+02:00",14021.610831,"HPT2_NR_24"
"2015_08_04_21_57_35_570_Netscape__768x1024","2015-08-16","02:01:57+02:00",8641.53136402,"HPT2_NR_24"
"2015_08_04_21_57_35_570_Netscape__768x1024","2015-08-16","04:55:52+02:00",12652.474685,"HPT2_NR_24"
"2015_08_04_21_57_35_570_Netscape__768x1024","2015-08-16","09:36:11+02:00",1532.94174004,"HPT2_NR_24"
"2015_08_04_21_57_35_570_Netscape__768x1024","2015-08-16","11:28:11+02:00",1179.25379997,"HPT2_NR_24"
"2015_08_04_21_57_35_570_Netscape__768x1024","2015-08-16","15:45:00+02:00",2760,"HPT2_NR_24"
"2015_08_04_21_57_35_570_Netscape__768x1024","2015-08-16","21:29:14+02:00",22466.106209,"HPT2_NR_24"
"2015_08_04_21_57_35_570_Netscape__768x1024","2015-08-17","04:18:50+02:00",19687.864733,"HPT2_NR_24"
"2015_08_04_21_57_35_570_Netscape__768x1024","2015-08-17","11:15:13+02:00",2542.06333601,"HPT2_NR_24"
"2015_08_04_21_57_35_570_Netscape__768x1024","2015-08-17","13:37:37+02:00",1039.09398097,"HPT2_NR_24"
"2015_08_04_21_57_35_570_Netscape__768x1024","2015-08-17","14:06:36+02:00",2400,"HPT2_NR_24"
"2015_08_04_21_57_35_570_Netscape__768x1024","2015-08-17","16:09:38+02:00",1980.93251002,"HPT2_NR_24"
"2015_08_04_21_57_35_570_Netscape__768x1024","2015-08-17","21:16:18+02:00",19217.841477,"HPT2_NR_24"
"2015_08_04_21_57_35_570_Netscape__768x1024","2015-08-18","03:08:47+02:00",17747.926793,"HPT2_NR_24"
"2015_08_04_21_57_35_570_Netscape__768x1024","2015-08-18","10:23:00+02:00",2520,"HPT2_NR_24"
"2015_08_04_21_57_35_570_Netscape__768x1024","2015-08-18","12:47:53+02:00",810.093397975,"HPT2_NR_24"
"2015_08_04_21_57_35_570_Netscape__768x1024","2015-08-18","13:50:38+02:00",916.155834019,"HPT2_NR_24"
"2015_08_04_21_57_35_570_Netscape__768x1024","2015-08-18","15:17:47+02:00",1021.08409101,"HPT2_NR_24"
"2015_08_04_21_57_35_570_Netscape__768x1024","2015-08-18","15:44:31+02:00",3592.72422403,"HPT2_NR_24"
"2015_08_04_21_57_35_570_Netscape__768x1024","2015-08-18","19:12:07+02:00",2552.46368301,"HPT2_NR_24"
"2015_08_04_21_57_35_570_Netscape__768x1024","2015-08-18","21:38:05+02:00",16819.893582,"HPT2_NR_24"
"2015_08_04_21_57_35_570_Netscape__768x1024","2015-08-19","02:53:13+02:00",18421.565789,"HPT2_NR_24"
"2015_08_04_21_57_35_570_Netscape__768x1024","2015-08-19","09:24:00+02:00",2400,"HPT2_NR_24"
"2015_08_04_21_57_35_570_Netscape__768x1024","2015-08-19","12:00:22+02:00",1694.54073101,"HPT2_NR_24"
"2015_08_04_22_04_57_747_Netscape__1366x768","2015-08-25","19:00:00+02:00",45000,"HPT2_NR_26"
"2015_08_04_22_04_57_747_Netscape__1366x768","2015-08-26","09:12:00+02:00",8280,"HPT2_NR_26"
"2015_08_04_22_04_57_747_Netscape__1366x768","2015-08-26","13:00:00+02:00",6300,"HPT2_NR_26"
"2015_08_04_22_04_57_747_Netscape__1366x768","2015-08-26","15:30:00+02:00",3900,"HPT2_NR_26"
"2015_08_04_22_04_57_747_Netscape__1366x768","2015-08-26","20:15:00+02:00",3648,"HPT2_NR_26"
"2015_08_04_22_04_57_747_Netscape__1366x768","2015-08-26","21:10:04+02:00",86400,"HPT2_NR_26"
"2015_08_04_22_04_57_747_Netscape__1366x768","2015-08-31","06:30:00+02:00",13630,"HPT2_NR_26"
"2015_08_04_22_04_57_747_Netscape__1366x768","2015-08-31","11:12:00+02:00",3644,"HPT2_NR_26"
"2015_08_04_22_04_57_747_Netscape__1366x768","2015-08-31","14:49:00+02:00",4860,"HPT2_NR_26"
"2015_08_04_22_04_57_747_Netscape__1366x768","2015-08-31","17:10:00+02:00",5400,"HPT2_NR_26"
"2624496","2015-07-24","00:00:00+02:00",8040,"HPT2_NR_31"
"2624496","2015-07-24","02:20:00+02:00",10200,"HPT2_NR_31"
"2624496","2015-07-24","05:25:00+02:00",3600,"HPT2_NR_31"
"2624496","2015-07-24","10:30:00+02:00",8400,"HPT2_NR_31"
"2624496","2015-07-24","18:30:00+02:00",2570,"HPT2_NR_31"
"2624496","2015-07-25","00:45:00+02:00",8940,"HPT2_NR_31"
"2624496","2015-07-25","03:45:00+02:00",8100,"HPT2_NR_31"
"2624496","2015-07-25","10:00:00+02:00",7200,"HPT2_NR_31"
"2624496","2015-07-25","12:45:00+02:00",18960,"HPT2_NR_31"
"2624496","2015-07-25","15:45:00+02:00",8100,"HPT2_NR_31"
"2624496","2015-07-25","21:45:00+02:00",7350,"HPT2_NR_31"
"2624496","2015-07-26","01:00:00+02:00",9900,"HPT2_NR_31"
"2624496","2015-07-26","11:15:00+02:00",7980,"HPT2_NR_31"
"2624496","2015-07-26","14:30:00+02:00",5040,"HPT2_NR_31"
"2624496","2015-07-27","00:30:00+02:00",6300,"HPT2_NR_31"
"2624496","2015-07-27","10:15:00+02:00",5400,"HPT2_NR_31"
"2624496","2015-07-27","15:20:00+02:00",4800,"HPT2_NR_31"
"2624496","2015-07-27","21:15:00+02:00",9000,"HPT2_NR_31"
"2624496","2015-07-28","00:01:00+02:00",7980,"HPT2_NR_31"
"2624496","2015-07-28","02:25:00+02:00",9900,"HPT2_NR_31"
"2624496","2015-07-29","07:00:00+02:00",9900,"HPT2_NR_31"
"2624496","2015-07-30","18:15:00+02:00",9900,"HPT2_NR_31"
"2624496","2015-07-31","23:50:00+02:00",14700,"HPT2_NR_31"
"2624496","2015-08-01","04:15:00+02:00",9900,"HPT2_NR_31"
"2624496","2015-08-01","13:30:00+02:00",9001,"HPT2_NR_31"
"2624496","2015-08-03","07:00:00+02:00",8100,"HPT2_NR_31"
"2624496","2015-08-03","09:45:00+02:00",9000,"HPT2_NR_31"
"2624496","2015-08-03","12:25:00+02:00",6600,"HPT2_NR_31"
"2624496","2015-08-04","00:30:00+02:00",12600,"HPT2_NR_31"
"2624496","2015-08-04","04:50:00+02:00",9000,"HPT2_NR_31"
"2624496","2015-08-04","15:30:00+02:00",7782,"HPT2_NR_31"
"2624496","2015-08-06","17:45:00+02:00",8100,"HPT2_NR_31"
"2624496","2015-08-07","00:36:00+02:00",8640,"HPT2_NR_31"
"2624496","2015-08-07","03:15:00+02:00",13500,"HPT2_NR_31"
"2624496","2015-08-07","07:15:00+02:00",9900,"HPT2_NR_31"
"2624496","2015-08-07","11:00:00+02:00",7200,"HPT2_NR_31"
"2624496","2015-08-07","14:00:00+02:00",7200,"HPT2_NR_31"
"2624496","2015-08-07","19:45:00+02:00",16200,"HPT2_NR_31"
"2624496","2015-08-08","01:00:00+02:00",12600,"HPT2_NR_31"
"2624496","2015-08-08","08:30:00+02:00",4769,"HPT2_NR_31"
"2624496","2015-08-08","11:00:00+02:00",9473,"HPT2_NR_31"
"2624496","2015-08-08","14:00:00+02:00",9000,"HPT2_NR_31"
"2624496","2015-08-08","20:00:00+02:00",7200,"HPT2_NR_31"
"2624496","2015-08-08","23:30:00+02:00",9000,"HPT2_NR_31"
"2624496","2015-08-09","02:30:00+02:00",9000,"HPT2_NR_31"
"2624496","2015-08-09","08:30:00+02:00",9000,"HPT2_NR_31"
"2624496","2015-08-09","12:30:00+02:00",8100,"HPT2_NR_31"
"2624496","2015-08-09","15:30:00+02:00",10044,"HPT2_NR_31"
"2624496","2015-08-09","19:00:00+02:00",9900,"HPT2_NR_31"
"2624496","2015-08-09","22:15:00+02:00",9600,"HPT2_NR_31"
"2624496","2015-08-10","01:30:00+02:00",9000,"HPT2_NR_31"
"2624496","2015-08-10","04:30:00+02:00",9000,"HPT2_NR_31"
"2624496","2015-08-10","21:30:00+02:00",12600,"HPT2_NR_31"
"2624496","2015-08-11","02:00:00+02:00",12000,"HPT2_NR_31"
"2624496","2015-08-11","06:00:00+02:00",7200,"HPT2_NR_31"
"2624496","2015-08-11","09:30:00+02:00",3600,"HPT2_NR_31"
"2624496","2015-08-11","22:45:00+02:00",7200,"HPT2_NR_31"
"2624496","2015-08-12","01:30:00+02:00",10800,"HPT2_NR_31"
"2624496","2015-08-12","05:00:00+02:00",10800,"HPT2_NR_31"
"2624496","2015-08-12","09:00:00+02:00",7200,"HPT2_NR_31"
"2624496","2015-08-12","12:00:00+02:00",5400,"HPT2_NR_31"
"2624496","2015-08-12","15:30:00+02:00",5400,"HPT2_NR_31"
"2624496","2015-08-12","18:00:00+02:00",7200,"HPT2_NR_31"
"2624496","2015-08-12","21:00:00+02:00",7200,"HPT2_NR_31"
"2624496","2015-08-12","23:15:00+02:00",15900,"HPT2_NR_31"
"2624496","2015-08-13","04:30:00+02:00",9900,"HPT2_NR_31"
"2624496","2015-08-13","08:30:00+02:00",12600,"HPT2_NR_31"
"2624496","2015-08-13","13:00:00+02:00",12300,"HPT2_NR_31"
"2624496","2015-08-13","20:30:00+02:00",3600,"HPT2_NR_31"
"2832767","2015-07-22","13:10:00+02:00",6600,"HPT2_NR_33"
"2832767","2015-07-22","15:10:00+02:00",10200,"HPT2_NR_33"
"2832767","2015-07-22","18:10:00+02:00",6600,"HPT2_NR_33"
"2832767","2015-07-22","20:15:00+02:00",1800,"HPT2_NR_33"
"2832767","2015-07-22","21:00:00+02:00",7200,"HPT2_NR_33"
"2832767","2015-07-22","23:15:00+02:00",13500,"HPT2_NR_33"
"2832767","2015-07-23","03:10:00+02:00",6600,"HPT2_NR_33"
"2832767","2015-07-23","22:40:00+02:00",3000,"HPT2_NR_33"
"2832767","2015-07-24","00:30:00+02:00",12600,"HPT2_NR_33"
"2832767","2015-07-24","04:15:00+02:00",9900,"HPT2_NR_33"
"2832767","2015-07-24","07:10:00+02:00",6600,"HPT2_NR_33"
"2832767","2015-07-24","09:15:00+02:00",9900,"HPT2_NR_33"
"2832767","2015-07-24","12:15:00+02:00",13500,"HPT2_NR_33"
"2832767","2015-07-24","16:15:00+02:00",13500,"HPT2_NR_33"
"2832767","2015-07-24","20:15:00+02:00",9900,"HPT2_NR_33"
"2832767","2015-07-24","23:45:00+02:00",15300,"HPT2_NR_33"
"2832767","2015-07-25","04:15:00+02:00",9900,"HPT2_NR_33"
"2832767","2015-07-25","07:15:00+02:00",13500,"HPT2_NR_33"
"2832767","2015-07-25","11:15:00+02:00",15300,"HPT2_NR_33"
"2832767","2015-07-25","15:45:00+02:00",11700,"HPT2_NR_33"
"2832767","2015-07-25","19:10:00+02:00",10200,"HPT2_NR_33"
"2832767","2015-08-10","00:45:00+02:00",15300,"HPT2_NR_33"
"2832767","2015-08-10","05:15:00+02:00",18000,"HPT2_NR_33"
"2832767","2015-08-10","10:30:00+02:00",17100,"HPT2_NR_33"
"2832767","2015-08-10","15:30:00+02:00",12600,"HPT2_NR_33"
"2832767","2015-08-10","17:15:00+02:00",17100,"HPT2_NR_33"
"2832767","2015-08-10","22:15:00+02:00",14400,"HPT2_NR_33"
"2832767","2015-08-11","02:30:00+02:00",16200,"HPT2_NR_33"
"2832767","2015-08-11","07:15:00+02:00",15300,"HPT2_NR_33"
"2832767","2015-08-11","11:45:00+02:00",18900,"HPT2_NR_33"
"2832767","2015-08-11","17:10:00+02:00",10200,"HPT2_NR_33"
"2832767","2015-08-11","20:30:00+02:00",12600,"HPT2_NR_33"
"2832767","2015-08-12","00:15:00+02:00",18900,"HPT2_NR_33"
"2832767","2015-08-12","05:45:00+02:00",11700,"HPT2_NR_33"
"2832767","2015-08-12","09:15:00+02:00",13500,"HPT2_NR_33"
"2832767","2015-08-12","13:15:00+02:00",9900,"HPT2_NR_33"
"2832767","2015-08-12","16:15:00+02:00",11700,"HPT2_NR_33"
"2832767","2015-08-12","19:45:00+02:00",4500,"HPT2_NR_33"
"2832767","2015-08-12","21:15:00+02:00",13500,"HPT2_NR_33"
"2832767","2015-08-13","01:15:00+02:00",18000,"HPT2_NR_33"
"2832767","2015-08-13","06:30:00+02:00",16200,"HPT2_NR_33"
"2832767","2015-08-13","11:15:00+02:00",17100,"HPT2_NR_33"
"2832767","2015-08-13","16:15:00+02:00",6300,"HPT2_NR_33"
"2832767","2015-08-13","18:10:00+02:00",17400,"HPT2_NR_33"
"2832767","2015-08-13","23:00:00+02:00",18000,"HPT2_NR_33"
"2832767","2015-08-19","00:30:00+02:00",18000,"HPT2_NR_33"
"2832767","2015-08-19","05:30:00+02:00",16200,"HPT2_NR_33"
"2832767","2015-08-19","10:15:00+02:00",11700,"HPT2_NR_33"
"2832767","2015-08-19","13:40:00+02:00",8400,"HPT2_NR_33"
"2832767","2015-08-19","16:15:00+02:00",3600,"HPT2_NR_33"
"2832767","2015-08-19","21:00:00+02:00",10800,"HPT2_NR_33"
"2832767","2015-08-20","00:30:00+02:00",12600,"HPT2_NR_33"
"2832767","2015-08-20","04:15:00+02:00",14400,"HPT2_NR_33"
"2832767","2015-08-20","08:15:00+02:00",13500,"HPT2_NR_33"
"2832767","2015-08-20","12:15:00+02:00",14400,"HPT2_NR_33"
"2832767","2015-08-20","16:30:00+02:00",14400,"HPT2_NR_33"
"2832767","2015-08-20","20:45:00+02:00",11700,"HPT2_NR_33"
"2832767","2015-08-21","00:15:00+02:00",15300,"HPT2_NR_33"
"2832767","2015-08-21","04:30:00+02:00",16200,"HPT2_NR_33"
"2832767","2015-08-21","09:10:00+02:00",10800,"HPT2_NR_33"
"948372","2015-07-22","11:00:00+02:00",5100,"HPT2_NR_28"
"948372","2015-07-22","20:21:39+02:00",3598.95757002,"HPT2_NR_28"
"948372","2015-07-23","03:44:01+02:00",3974,"HPT2_NR_28"
"948372","2015-07-24","01:04:24+02:00",9562.01404005,"HPT2_NR_28"
"948372","2015-07-24","04:01:39+02:00",9894.85464698,"HPT2_NR_28"
"948372","2015-07-24","07:11:17+02:00",7486.704521,"HPT2_NR_28"
"948372","2015-07-24","09:27:46+02:00",2138.79969299,"HPT2_NR_28"
"948372","2015-07-24","12:56:30+02:00",3220.86796701,"HPT2_NR_28"
"948372","2015-07-25","00:29:11+02:00",13441.14605,"HPT2_NR_28"
"948372","2015-07-25","07:17:20+02:00",7651.23586303,"HPT2_NR_28"
"948372","2015-07-25","21:53:51+02:00",4459.77969801,"HPT2_NR_28"
"948372","2015-07-26","00:17:00+02:00",11340,"HPT2_NR_28"
"948372","2015-07-26","05:27:03+02:00",8844.17622995,"HPT2_NR_28"
"948372","2015-07-27","00:26:41+02:00",12819.877778,"HPT2_NR_28"
"948372","2015-07-27","05:00:00+02:00",9000,"HPT2_NR_28"
"948372","2015-07-27","09:35:45+02:00",4749.08393395,"HPT2_NR_28"
"948372","2015-07-28","04:59:32+02:00",8826.62915903,"HPT2_NR_28"
"948372","2015-07-29","01:33:54+02:00",7368.93567002,"HPT2_NR_28"
"948372","2015-07-29","05:14:37+02:00",9833.99580097,"HPT2_NR_28"
"948372","2015-07-30","01:01:50+02:00",8020.38458598,"HPT2_NR_28"
"948372","2015-07-30","04:00:44+02:00",11072.263931,"HPT2_NR_28"
"948372","2015-07-31","02:30:00+02:00",12000,"HPT2_NR_28"
"948372","2015-07-31","06:36:22+02:00",9865.65649199,"HPT2_NR_28"
"948372","2015-07-31","10:38:53+02:00",4293.674339,"HPT2_NR_28"
"948372","2015-07-31","23:01:17+02:00",14725.732196,"HPT2_NR_28"
"948372","2015-08-01","04:16:50+02:00",8140.26838499,"HPT2_NR_28"
"948372","2015-08-02","01:05:11+02:00",12764.983593,"HPT2_NR_28"
"948372","2015-08-02","05:26:04+02:00",10124.271322,"HPT2_NR_28"
"948372","2015-08-02","13:29:59+02:00",6300.92991,"HPT2_NR_28"
"948372","2015-08-03","00:03:56+02:00",11516.884,"HPT2_NR_28"
"948372","2015-08-03","04:00:44+02:00",7519.14327902,"HPT2_NR_28"
"948372","2015-08-03","06:15:32+02:00",6197.412444,"HPT2_NR_28"
"948372","2015-08-03","23:35:25+02:00",10697.639538,"HPT2_NR_28"
"948372","2015-08-04","02:35:13+02:00",11283.134619,"HPT2_NR_28"
"948372","2015-08-04","06:55:36+02:00",8662.95811397,"HPT2_NR_28"
"948372","2015-08-04","23:40:18+02:00",15457.87824,"HPT2_NR_28"
"948372","2015-08-05","05:27:25+02:00",6978.06836498,"HPT2_NR_28"
"948372","2015-08-06","00:17:29+02:00",11406.611728,"HPT2_NR_28"
"948372","2015-08-06","04:04:13+02:00",7662.992935,"HPT2_NR_28"
"948372","2015-08-06","06:57:29+02:00",11196.348793,"HPT2_NR_28"
"948372","2015-08-06","11:25:56+02:00",4434.60125101,"HPT2_NR_28"
"948372","2015-08-06","23:14:34+02:00",15029.318833,"HPT2_NR_28"
"948372","2015-08-07","04:24:52+02:00",9965.55465496,"HPT2_NR_28"
"948372","2015-08-08","05:25:02+02:00",6983.598773,"HPT2_NR_28"
"948372","2015-08-10","06:45:00+02:00",9000,"HPT2_NR_28"
"948372","2015-08-10","23:20:52+02:00",15000,"HPT2_NR_28"
"948372","2015-08-11","04:26:47+02:00",8309.52619302,"HPT2_NR_28"
"948372","2015-08-12","00:09:23+02:00",15975.058967,"HPT2_NR_28"
"948372","2015-08-12","05:51:14+02:00",9895.76417297,"HPT2_NR_28"
"948372","2015-08-12","10:14:03+02:00",5396.76619703,"HPT2_NR_28"
"Philips03","2015-07-24","11:25:00+02:00",10980,"HPT1_NR_12"
"Philips03","2015-07-24","23:00:00+02:00",27000,"HPT1_NR_12"
"Philips03","2015-07-25","08:34:13+02:00",2569.027978,"HPT1_NR_12"
"Philips03","2015-07-25","11:10:00+02:00",11640,"HPT1_NR_12"
"Philips03","2015-07-25","19:38:03+02:00",9000,"HPT1_NR_12"
"Philips03","2015-07-25","22:33:32+02:00",28800,"HPT1_NR_12"
"Philips03","2015-07-26","08:08:38+02:00",3000,"HPT1_NR_12"
"Philips03","2015-07-26","12:14:00+02:00",8160,"HPT1_NR_12"
"Philips03","2015-07-26","16:10:00+02:00",3900,"HPT1_NR_12"
"Philips03","2015-07-28","20:41:17+02:00",5400,"HPT1_NR_12"
"Philips03","2015-07-30","19:45:00+02:00",8700,"HPT1_NR_12"
"Philips03","2015-07-30","22:41:12+02:00",28140,"HPT1_NR_12"
"Philips03","2015-07-31","08:48:20+02:00",2700,"HPT1_NR_12"
"Philips03","2015-07-31","12:00:00+02:00",5400,"HPT1_NR_12"
"Philips03","2015-07-31","15:15:00+02:00",9000,"HPT1_NR_12"
"Philips03","2015-08-01","08:04:07+02:00",3360,"HPT1_NR_12"
"Philips03","2015-08-01","12:30:00+02:00",7531,"HPT1_NR_12"
"Philips03","2015-08-01","17:08:43+02:00",3600,"HPT1_NR_12"
"Philips03","2015-08-01","22:45:00+02:00",27900,"HPT1_NR_12"
"Philips03","2015-08-02","08:15:00+02:00",4200,"HPT1_NR_12"
"Philips03","2015-08-02","12:30:00+02:00",5400,"HPT1_NR_12"
"Philips03","2015-08-02","16:11:52+02:00",5700,"HPT1_NR_12"
"Philips03","2015-08-02","20:44:16+02:00",6300,"HPT1_NR_12"
"Philips03","2015-08-02","22:45:00+02:00",27900,"HPT1_NR_12"
"Philips03","2015-08-03","08:30:00+02:00",2700,"HPT1_NR_12"
"Philips03","2015-08-03","11:30:00+02:00",9000,"HPT1_NR_12"
"Philips03","2015-08-03","16:00:00+02:00",7200,"HPT1_NR_12"
"Philips03","2015-08-03","20:15:00+02:00",7200,"HPT1_NR_12"
